stadium_capacity,expected_popularity,match_type,is_weekend,is_holiday,max_temp,rain_mm,attendance
50000,5,League,0,0,8.7,0.0,22088
5000,6,League,0,0,23.4,0.0,2912
50000,5,League,0,0,22.2,0.0,24080
5000,3,League,0,0,28.2,0.0,1871
30000,8,League,0,0,17.6,0.0,21743
15000,1,International,1,0,9.1,0.0,9348
50000,8,League,1,0,7.3,0.0,42961
5000,10,League,0,0,15.1,0.0,4369
30000,3,League,0,0,28.4,0.0,10744
30000,9,League,0,0,15.3,0.0,24094
20000,3,League,0,0,13.0,0.0,7448
5000,4,League,0,0,20.1,0.0,2164
10000,2,League,1,0,24.8,7.6,927
15000,7,League,1,0,20.6,0.0,11785
10000,2,League,0,0,22.1,0.0,2875
15000,7,League,0,0,30.7,0.0,9595
50000,4,League,0,0,13.4,0.0,22279
20000,7,Final,0,0,18.6,0.0,17956
20000,9,League,0,0,16.5,3.8,12567
15000,5,League,1,0,22.8,8.9,4832
50000,4,League,1,0,13.2,0.0,27583
50000,4,League,0,0,9.8,0.0,19430
5000,7,League,0,0,30.9,0.0,3015
10000,10,Cup,0,0,28.1,0.0,9480
50000,2,League,0,0,25.5,0.0,12865
20000,4,League,0,0,14.5,0.0,8900
30000,9,Cup,1,0,11.8,0.0,30365
50000,7,Cup,1,0,15.9,7.9,26838
15000,1,League,0,0,18.4,0.0,2992
30000,3,League,0,0,14.0,0.0,9849
15000,8,League,0,0,21.5,9.5,5887
30000,5,League,0,1,34.3,0.0,16972
5000,1,League,0,0,11.5,0.0,1111
5000,1,International,1,0,19.3,3.4,2329
15000,10,League,1,0,28.9,0.0,15709
5000,4,League,0,0,32.1,0.0,1905
5000,10,League,0,0,13.0,0.0,4339
10000,7,Cup,0,0,15.8,0.0,6831
20000,8,League,0,0,33.6,0.0,13425
30000,9,League,0,0,22.5,0.0,24222
15000,4,League,1,0,26.8,0.0,8756
10000,10,League,1,0,8.9,0.0,10031
50000,1,League,0,0,10.1,0.0,9804
20000,9,League,0,0,15.6,0.0,16583
20000,5,League,0,0,11.5,0.0,9601
30000,7,League,0,0,12.8,0.0,19972
20000,4,League,0,0,26.9,0.8,5186
10000,3,League,1,0,20.3,0.0,5277
5000,3,Cup,1,0,22.4,0.0,2715
20000,9,League,0,0,8.2,0.0,15811
50000,1,League,0,0,7.8,0.0,6174
30000,5,Cup,0,0,15.7,0.0,15857
10000,7,League,0,0,30.7,3.8,3902
50000,1,League,0,0,27.8,0.0,10761
5000,3,League,1,0,22.4,0.0,2443
20000,3,League,1,0,9.4,0.0,8519
10000,1,League,0,0,15.8,0.0,1741
20000,1,International,0,0,14.1,0.0,10047
5000,5,Cup,0,0,9.2,0.0,2689
30000,6,League,0,0,23.0,0.5,11243
15000,4,Cup,0,1,24.6,0.0,8525
15000,9,League,1,0,11.1,0.0,14639
5000,10,League,1,0,16.0,0.0,5102
5000,8,League,0,0,20.6,0.0,3782
15000,5,League,0,0,5.7,3.3,4165
30000,2,Cup,0,0,16.2,4.5,3590
30000,3,League,0,0,8.9,0.0,8976
20000,1,International,0,0,24.1,14.9,2406
10000,2,League,1,0,23.9,10.2,487
15000,10,League,1,0,16.5,12.3,10053
50000,5,International,0,0,32.8,0.0,37610
20000,3,League,0,0,20.8,0.0,7132
20000,3,League,0,0,24.0,10.8,1149
15000,7,League,0,0,9.9,0.0,8912
10000,9,League,0,0,23.6,5.2,4923
15000,10,League,1,0,33.0,0.0,14447
50000,4,Cup,1,0,28.3,3.9,22626
30000,6,International,0,0,8.6,0.0,25362
30000,2,League,0,0,16.3,6.8,1026
30000,5,League,0,0,7.3,0.0,14037
30000,1,Final,0,0,32.7,0.0,11724
5000,6,League,0,0,7.9,0.0,2670
10000,4,League,1,0,13.2,0.0,5914
20000,7,League,1,0,16.9,0.0,15935
30000,8,League,0,0,5.4,0.0,20194
10000,7,League,0,0,12.0,0.0,6457
15000,6,International,0,0,23.4,0.0,13200
20000,9,League,0,0,5.4,0.0,14813
10000,10,League,0,0,6.3,0.0,8171
20000,5,League,1,0,13.2,0.0,12701
50000,3,Cup,1,0,26.3,0.0,28115
20000,7,League,0,0,7.2,0.0,11950
20000,1,International,0,0,32.4,0.0,8571
5000,3,Final,0,0,26.7,3.2,2087
5000,4,League,0,0,16.9,0.0,2058
30000,10,Final,0,0,11.1,0.0,34500
15000,8,League,1,0,9.7,0.0,12213
10000,3,League,1,0,11.4,0.0,5016
50000,5,League,0,0,6.7,0.0,22230
15000,3,Cup,0,0,18.6,0.0,5818
5000,10,International,0,0,8.5,0.0,5681
50000,7,League,0,0,15.5,0.0,31782
30000,1,Cup,0,0,7.9,0.0,5562
5000,5,Cup,1,0,26.5,0.0,3561
20000,9,League,1,0,31.9,0.0,18502
10000,9,League,0,0,17.6,0.0,8213
50000,1,League,0,0,22.1,0.0,9443
30000,10,League,0,0,23.8,0.0,27084
20000,8,League,0,0,32.3,0.0,13964
30000,7,League,0,0,27.0,0.0,19968
20000,2,League,1,0,28.3,10.9,1039
30000,6,Cup,1,0,26.8,0.0,23040
15000,1,International,0,0,26.2,0.0,7707
30000,1,League,0,0,12.6,0.0,6761
50000,8,League,0,0,33.3,0.0,33203
20000,6,League,0,0,12.8,0.0,12037
20000,9,League,0,0,33.3,0.0,15818
10000,3,League,1,0,32.9,13.6,923
50000,7,League,1,0,6.0,3.5,29538
5000,1,League,0,0,13.8,4.7,257
30000,10,Cup,0,0,13.8,0.0,27612
5000,8,Cup,0,0,20.0,0.0,3824
50000,3,League,0,0,31.5,0.0,13832
30000,7,League,0,0,15.5,11.4,9383
15000,1,Final,1,0,26.9,0.0,8840
10000,1,Cup,1,0,19.1,0.0,4294
30000,3,League,0,0,29.5,0.0,11511
20000,3,League,0,0,21.6,0.0,7196
30000,1,League,0,0,20.0,0.0,6133
20000,10,League,0,0,6.2,0.0,17036
20000,1,Cup,0,0,12.4,0.0,4938
5000,5,Cup,1,0,19.2,13.0,1915
20000,3,League,1,0,26.3,0.0,10238
50000,1,League,0,0,14.0,0.0,9219
50000,9,International,0,0,25.4,0.0,57219
50000,4,Cup,0,0,5.2,0.0,23012
10000,6,League,0,0,14.0,2.1,3815
5000,4,League,0,0,11.5,6.0,359
15000,1,League,1,0,32.4,0.0,4140
50000,2,League,1,0,13.1,0.0,20134
10000,9,League,0,0,18.1,0.0,8289
50000,8,Cup,0,0,30.6,6.1,18673
10000,4,League,0,0,7.3,0.0,3730
20000,6,League,0,0,20.7,0.0,12203
10000,7,League,0,0,22.5,0.0,6504
30000,1,League,1,0,33.7,0.0,9153
20000,8,League,1,0,19.4,6.6,11144
20000,2,League,0,0,25.0,0.0,5951
5000,2,League,0,0,16.4,12.4,368
30000,6,International,0,0,8.9,0.0,25592
10000,6,International,0,0,21.4,0.0,8784
10000,1,League,0,0,23.3,0.6,286
15000,7,Cup,1,0,6.5,0.0,12387
5000,6,League,1,0,25.9,0.0,3698
15000,1,Cup,0,0,24.3,0.0,3983
5000,5,League,0,0,30.2,4.8,1219
5000,8,League,0,0,32.1,0.0,3493
5000,10,League,0,0,6.0,0.0,4111
15000,3,League,0,0,28.7,0.0,5065
50000,9,League,1,0,21.5,0.0,47617
5000,6,League,1,0,32.3,0.0,3292
50000,1,International,0,0,23.2,0.0,24076
30000,1,Final,0,0,30.5,0.0,12859
15000,3,International,0,0,25.8,0.0,10225
10000,10,League,0,0,21.0,0.0,8979
50000,10,League,0,0,5.3,10.5,23700
50000,1,League,1,0,29.1,0.0,18703
20000,5,League,1,0,23.6,0.0,12794
5000,5,League,0,0,5.4,0.0,2179
20000,2,League,0,0,8.9,0.0,4270
10000,6,League,0,0,26.0,0.0,5685
15000,10,League,0,0,16.6,4.2,10416
10000,6,International,0,0,28.4,3.2,6570
30000,2,League,1,0,29.4,0.0,12792
20000,5,League,1,0,31.6,0.0,12330
30000,1,League,0,0,17.1,0.0,5463
10000,7,International,0,0,17.3,0.0,9661
20000,5,League,0,0,9.2,0.0,9548
10000,2,League,0,0,24.3,0.0,2802
50000,4,League,0,0,13.3,0.0,21768
15000,9,League,1,0,5.5,0.0,13568
50000,9,League,1,0,7.2,0.0,44648
5000,1,League,0,0,29.2,0.0,924
50000,10,Cup,0,0,30.1,0.0,43152
10000,8,League,0,0,14.6,0.0,7667
30000,10,League,0,0,25.5,9.1,15508
30000,8,League,0,0,13.5,14.4,12317
20000,8,League,1,0,8.6,0.0,17212
20000,5,League,1,0,28.4,6.8,6492
50000,3,Cup,0,0,17.9,0.0,18902
5000,10,League,0,0,34.2,0.0,4124
10000,1,League,0,1,30.3,0.0,2640
50000,4,League,0,0,19.7,0.0,21121
15000,4,League,0,0,9.5,0.0,6037
50000,3,League,1,0,11.8,0.0,25103
10000,7,League,1,0,22.3,0.0,8006
20000,9,League,0,0,32.6,10.0,8735
20000,2,International,0,0,26.7,0.0,10952
50000,8,League,0,0,24.7,0.0,36537
50000,6,League,0,0,29.4,0.0,27911
5000,1,League,0,0,11.1,0.0,851
5000,8,Final,1,0,16.4,0.0,5718
10000,9,International,1,0,34.8,5.7,8905
10000,5,International,0,0,6.6,14.6,3935
10000,4,Final,0,0,28.0,0.0,6892
50000,1,League,0,0,32.1,2.8,1744
10000,5,League,0,1,14.5,0.0,6236
50000,4,League,0,0,31.3,0.0,17604
20000,10,League,1,0,27.4,13.6,14336
20000,10,League,1,0,32.1,10.2,12962
30000,3,League,0,0,23.9,0.0,10684
5000,2,League,0,0,30.4,0.0,1068
5000,7,League,0,0,19.6,0.0,3309
50000,1,League,0,0,25.8,6.4,1107
30000,10,Cup,0,0,22.9,0.0,28736
15000,8,International,1,0,15.8,0.0,16823
30000,9,League,1,0,11.8,3.5,22533
50000,9,Cup,0,0,9.0,0.0,40459
15000,6,Cup,0,0,12.7,0.0,9578
50000,10,League,0,0,24.8,8.1,27030
50000,2,Cup,0,0,26.3,10.8,2554
10000,7,League,0,0,15.9,0.0,6878
50000,6,League,1,0,32.7,0.0,34470
30000,9,League,1,0,10.2,0.0,29803
30000,4,League,0,0,14.6,2.2,7808
20000,1,League,0,0,22.7,0.0,3401
50000,10,Cup,0,0,33.4,0.0,45746
5000,10,International,0,1,25.9,0.0,5750
10000,7,League,0,0,7.7,0.0,6306
15000,5,League,1,0,29.8,4.5,6535
5000,3,League,1,0,14.7,0.0,2649
30000,8,League,0,0,18.3,13.5,10809
20000,5,League,0,0,13.4,10.1,2895
30000,6,League,0,0,24.7,0.0,17121
50000,5,League,0,0,23.5,0.0,26508
50000,8,League,0,0,11.8,0.0,37121
50000,8,League,1,1,16.6,0.4,40400
5000,4,League,1,0,22.1,0.0,2941
20000,7,League,0,0,13.6,0.0,13047
30000,4,Cup,0,0,26.0,0.0,15162
10000,8,League,0,0,26.4,0.0,7335
5000,4,League,0,1,8.9,3.4,1356
5000,3,Cup,0,0,8.3,0.0,1851
20000,9,League,1,0,29.0,0.0,19308
15000,3,League,1,0,14.7,0.0,7406
5000,3,League,0,0,10.7,11.6,386
20000,9,Cup,0,0,33.1,0.0,15836
20000,3,Final,0,0,22.5,3.8,8239
15000,3,League,0,0,19.2,14.7,1186
20000,8,League,0,0,30.3,2.6,10345
10000,1,League,1,0,11.5,1.0,1579
5000,6,Cup,1,0,34.3,0.0,3728
50000,3,League,0,0,14.9,7.6,3940
15000,8,League,0,0,21.1,0.0,11161
20000,7,League,0,0,28.4,0.0,13020
30000,5,League,0,0,27.1,6.2,4149
10000,7,League,0,0,26.0,0.0,6393
5000,1,League,1,0,25.2,0.0,1713
15000,10,International,1,0,20.1,0.0,16958
20000,5,League,0,0,19.5,0.0,9690
5000,7,League,0,0,20.4,0.0,3371
15000,1,League,0,0,27.5,0.0,2709
10000,6,League,0,0,32.2,0.0,5560
5000,10,International,0,1,8.5,8.8,4552
5000,5,International,1,0,5.9,12.5,2754
10000,6,League,1,0,30.7,14.4,3141
10000,4,Cup,0,0,8.8,5.6,733
30000,6,League,0,0,13.3,0.0,18423
30000,10,International,0,0,19.5,0.0,34500
20000,2,Cup,0,0,21.9,0.0,6158
10000,2,League,0,0,34.5,0.0,2452
5000,8,League,1,0,34.2,0.0,4164
5000,1,League,1,0,29.3,0.0,1891
5000,9,League,0,0,29.2,0.0,4194
30000,3,League,0,0,18.5,0.0,10590
5000,3,League,0,0,31.2,0.0,1460
15000,4,Cup,0,0,7.2,0.0,6620
30000,8,Cup,0,0,5.1,0.0,22935
15000,1,International,1,0,11.7,0.0,9495
5000,10,League,1,0,17.5,0.0,5070
10000,3,League,0,0,22.7,2.1,1700
20000,10,League,0,0,10.7,0.0,18219
10000,3,International,0,0,33.1,0.0,5883
50000,6,League,0,0,27.8,0.0,27863
20000,2,League,0,0,31.0,0.0,4391
30000,4,Cup,1,0,20.0,0.0,18747
50000,8,League,1,1,18.7,0.0,50086
10000,3,League,0,0,6.7,0.0,2905
10000,8,League,0,0,32.8,0.0,7081
15000,3,Final,0,0,18.8,8.0,3506
20000,4,League,0,0,27.7,0.0,8166
20000,7,League,0,0,24.5,0.0,13662
20000,2,League,1,0,7.0,13.4,1248
30000,7,International,1,0,11.9,0.0,32791
10000,3,League,0,0,11.2,1.7,1809
30000,2,League,0,0,19.4,0.0,8166
30000,4,Cup,0,0,6.5,6.8,2188
15000,4,Cup,0,1,13.7,0.0,8513
30000,6,Cup,0,0,32.2,0.0,18159
50000,8,League,1,0,23.2,14.1,27600
10000,3,League,1,1,11.5,0.0,6065
15000,6,Cup,0,0,28.3,0.0,9742
15000,9,League,0,0,12.7,0.0,12030
5000,8,League,0,0,33.5,4.7,2576
20000,9,Cup,0,0,5.5,0.0,16676
5000,5,League,0,0,21.3,0.0,2671
50000,4,League,1,0,14.0,0.0,27874
20000,8,League,1,0,12.6,0.0,17622
50000,6,League,0,0,9.0,0.0,26575
10000,9,League,0,0,20.4,0.0,8386
20000,8,League,0,0,12.8,0.0,15254
5000,6,League,0,0,17.3,10.2,1125
20000,4,International,0,0,20.4,0.0,14459
30000,2,League,1,0,34.4,0.0,10513
30000,10,League,1,0,34.0,0.0,30291
50000,10,League,0,0,20.2,0.0,43713
20000,6,League,0,0,17.6,0.0,12206
5000,1,League,0,0,10.6,0.0,866
5000,3,League,0,0,24.8,14.0,221
15000,4,League,0,0,33.8,0.0,5363
50000,8,International,1,0,5.5,0.0,57032
50000,9,Cup,1,0,34.4,4.1,39779
30000,2,Cup,0,0,33.7,0.0,7564
5000,8,Final,0,0,21.3,0.0,4820
5000,10,League,0,0,25.6,0.0,4339
15000,9,League,0,0,21.9,0.0,12675
15000,6,League,0,0,6.3,0.0,7940
5000,7,League,1,0,12.1,0.0,4118
50000,3,Final,1,0,10.0,0.0,37639
10000,6,League,0,0,17.6,0.0,5932
5000,4,League,0,0,8.9,0.0,1985
20000,6,League,0,0,32.4,0.0,10213
10000,7,League,0,0,6.4,0.0,5930
5000,2,League,0,0,15.0,11.6,212
5000,7,Cup,1,0,11.7,0.4,3165
50000,4,League,1,0,31.3,0.0,26114
20000,2,League,0,0,31.8,0.0,4732
20000,4,League,0,0,29.7,0.0,8275
50000,1,League,0,0,13.0,0.0,11092
5000,10,League,0,0,15.4,0.0,4394
30000,9,League,0,0,17.7,0.0,25338
50000,4,League,1,0,29.1,0.0,27594
10000,9,Cup,1,0,29.9,11.4,6733
15000,5,League,0,0,14.5,0.0,7319
50000,9,League,0,0,22.0,14.7,24529
10000,2,League,0,0,12.7,0.2,747
20000,10,International,0,0,17.2,0.0,22992
10000,4,League,0,0,26.1,0.0,4591
15000,6,League,1,0,34.3,0.0,10399
15000,8,League,1,0,33.7,0.0,12826
50000,8,League,0,0,17.7,0.0,36727
10000,1,League,0,0,22.0,0.0,1784
50000,9,League,0,0,30.4,0.0,39486
50000,6,Final,0,0,31.4,0.0,39632
30000,8,League,0,0,32.7,12.2,9503
15000,7,League,1,0,5.6,0.0,11587
50000,2,League,1,0,20.4,13.7,3847
50000,3,League,0,0,10.9,13.1,2408
30000,5,League,0,0,26.4,0.0,15797
15000,1,League,0,0,6.8,0.0,1975
5000,1,League,0,1,12.0,0.0,1649
15000,1,League,0,0,18.1,4.6,339
5000,8,International,1,0,12.9,0.0,5750
30000,9,League,1,0,7.1,0.0,27228
20000,5,League,0,0,21.1,0.0,9841
30000,5,League,0,0,25.9,0.0,14443
20000,3,League,0,0,34.3,0.0,6606
20000,3,League,0,1,9.6,8.4,530
50000,2,Cup,0,0,27.7,0.0,15007
10000,4,League,1,0,32.4,0.0,5500
15000,8,League,1,0,16.6,0.0,13549
15000,2,League,0,0,34.8,0.0,3262
15000,2,League,0,0,30.7,0.0,3492
50000,10,League,0,0,33.8,0.0,42541
30000,8,Final,0,0,16.4,0.0,28976
20000,10,League,0,0,15.5,0.0,17365
10000,1,League,1,0,23.4,0.0,3524
5000,10,International,1,0,7.0,0.0,5750
30000,5,League,0,0,8.5,0.0,14459
5000,1,International,0,0,9.2,0.0,2333
15000,7,Cup,0,0,32.7,0.0,10074
15000,2,League,0,0,27.7,0.5,885
30000,2,League,0,1,5.9,0.0,9491
20000,3,League,1,0,33.0,0.0,8769
10000,5,League,1,0,32.0,0.0,6313
5000,5,International,0,0,6.0,0.0,3801
5000,10,League,0,0,31.9,9.2,2366
10000,6,League,0,0,5.9,6.4,1762
30000,3,League,0,0,23.9,0.0,11349
10000,4,League,0,1,29.9,0.0,5305
30000,8,International,1,0,6.4,0.0,34121
10000,7,League,1,0,10.1,12.1,4566
50000,9,International,0,0,16.3,0.0,55884
50000,4,League,0,0,17.7,0.0,22874
5000,10,League,0,0,25.4,0.0,4364
5000,5,League,0,0,25.7,11.9,756
5000,6,International,0,0,15.5,0.0,4366
10000,9,League,1,0,32.7,0.0,9029
50000,7,Final,1,0,21.9,0.0,53746
30000,3,League,0,0,12.2,1.9,5173
10000,3,International,0,0,15.9,0.0,6526
5000,5,International,0,0,25.5,0.0,4000
20000,10,Cup,0,0,21.8,0.0,18604
15000,3,League,0,0,8.1,0.0,4185
5000,9,Cup,1,0,23.5,0.0,5090
20000,8,League,1,0,14.2,0.0,17233
50000,2,Final,0,0,8.0,0.0,23899
5000,1,League,0,0,13.6,0.0,853
30000,4,League,0,0,30.5,0.0,10935
15000,6,League,0,0,26.6,0.0,9103
10000,3,Cup,0,0,24.7,0.0,4005
10000,5,League,1,0,10.9,0.0,6729
5000,3,Cup,1,0,15.2,0.0,2846
50000,5,League,0,0,9.6,1.6,12752
15000,8,League,0,1,30.8,0.0,11869
10000,2,Final,0,0,16.9,0.0,5191
10000,4,League,0,0,32.9,0.0,3961
30000,4,Cup,0,0,7.3,0.0,13699
5000,1,League,1,0,6.6,0.0,1489
5000,7,League,1,0,32.6,0.0,3671
15000,5,League,0,0,22.9,0.0,7238
5000,1,League,0,0,6.7,0.0,859
10000,10,League,0,0,16.2,0.0,8852
5000,1,League,0,0,26.5,0.0,1066
10000,5,League,0,0,34.6,9.9,1073
50000,5,League,1,0,15.2,11.4,15000
50000,5,League,1,0,18.6,0.0,31435
30000,8,League,0,0,7.2,0.0,20360
30000,4,Final,0,0,11.1,0.0,21159
20000,1,League,0,0,14.6,0.0,4145
5000,5,International,0,0,31.8,0.0,3760
50000,1,Cup,0,0,26.4,0.0,13729
20000,5,Cup,1,0,31.7,0.0,12841
50000,8,League,1,0,34.7,0.0,40766
30000,7,Final,0,0,6.5,0.0,25224
5000,3,League,0,0,17.7,0.0,1742
5000,8,League,0,0,12.5,0.0,3781
10000,4,Final,0,0,14.6,0.0,6586
20000,8,League,0,0,18.5,0.0,15131
30000,9,League,1,0,5.1,0.0,27459
50000,1,League,1,0,5.4,0.0,15335
50000,1,League,0,0,26.8,0.0,10675
5000,4,League,0,0,29.5,0.0,2034
10000,7,League,0,0,21.8,0.0,6524
5000,8,League,0,0,29.4,0.0,3561
20000,6,League,0,0,24.1,0.0,11563
50000,7,League,1,0,16.2,1.9,29720
50000,9,League,1,0,30.7,12.7,26865
30000,9,League,0,0,30.1,0.0,23320
10000,4,League,0,0,18.0,0.0,4382
10000,2,League,0,0,25.7,0.0,3054
30000,2,League,0,0,15.0,0.0,7911
20000,10,Cup,0,0,12.7,0.0,19422
5000,3,Cup,1,0,11.7,0.0,2780
30000,2,League,1,0,27.3,0.0,13397
10000,10,League,0,0,27.1,0.0,8650
20000,7,League,0,0,9.8,0.0,12438
5000,9,League,0,0,33.8,0.0,3861
50000,6,League,0,0,25.9,13.0,12497
10000,6,Cup,0,0,12.2,0.0,6439
20000,1,League,1,0,21.0,0.0,7229
50000,9,International,1,0,14.2,8.3,45607
30000,10,League,0,0,30.8,0.0,25665
50000,7,League,0,0,21.2,12.0,16373
5000,2,League,0,0,11.3,6.1,365
10000,4,Cup,0,0,21.4,0.0,4540
20000,9,League,0,0,6.3,0.0,15792
30000,6,League,1,0,23.4,0.0,22789
30000,7,League,1,0,5.0,0.0,22598
20000,9,Cup,0,0,31.7,0.0,16326
5000,2,International,0,0,10.4,0.0,3020
15000,4,League,0,1,10.7,0.6,5342
15000,10,Cup,0,0,28.7,0.0,14398
20000,2,League,0,0,19.4,0.0,4941
50000,8,League,1,0,10.3,0.0,42973
20000,1,Cup,1,0,21.0,0.0,7895
15000,2,Final,0,0,22.8,0.0,7599
10000,5,Final,0,0,19.2,0.0,7375
50000,10,League,0,0,12.1,0.0,44345
30000,2,League,0,0,34.9,0.0,6418
15000,7,League,0,1,27.0,0.0,11283
20000,5,International,1,0,28.7,0.0,18828
50000,6,League,1,0,25.3,0.0,36175
30000,4,League,0,0,26.5,0.0,13632
50000,9,League,0,0,24.8,0.0,40396
5000,1,Cup,0,0,11.6,3.4,357
10000,3,League,0,0,23.4,12.1,247
10000,10,Cup,0,0,10.3,0.0,9638
50000,10,League,1,0,9.6,0.0,48927
30000,2,League,1,0,21.1,2.9,6683
20000,3,League,0,0,16.7,0.0,7017
20000,4,League,0,0,10.0,0.0,8553
5000,9,League,0,0,6.1,0.0,3941
20000,8,Final,0,0,31.4,0.0,18356
10000,6,Cup,0,0,24.5,0.0,6472
30000,2,League,1,0,30.7,3.5,5128
15000,9,League,1,0,32.4,0.0,13751
5000,10,League,0,0,20.3,0.0,4523
10000,6,League,0,0,8.5,0.0,5138
15000,7,League,0,0,17.6,0.0,9587
50000,1,League,0,0,22.6,0.0,10718
5000,6,League,0,0,22.0,0.0,2829
50000,9,League,1,1,21.2,0.0,51949
20000,8,League,1,0,30.5,0.0,17020
30000,5,League,0,0,24.9,0.0,14727
10000,6,League,0,0,18.1,0.0,6025
30000,2,League,0,0,18.3,12.9,1925
5000,9,League,0,0,29.1,0.0,4088
50000,9,League,0,0,19.1,0.0,40497
50000,9,League,1,0,32.3,9.5,28907
20000,4,Cup,1,0,22.9,0.0,13216
50000,5,League,0,0,17.3,0.0,26570
20000,7,League,0,0,13.1,0.0,13718
50000,10,Cup,0,0,6.1,0.0,45824
30000,3,League,0,0,23.8,8.2,1886
15000,6,League,0,0,14.5,0.0,8419
10000,3,League,1,0,20.0,0.0,5220
5000,2,League,1,0,24.3,0.0,2099
15000,8,League,0,0,30.4,0.0,10207
20000,4,League,0,0,15.2,0.0,9066
15000,8,Cup,0,0,17.6,0.0,11703
15000,2,League,0,0,23.4,0.0,3739
30000,6,League,0,0,15.3,0.0,16712
20000,5,League,1,0,31.7,0.7,8229
30000,9,League,1,0,31.6,5.6,16367
10000,8,League,0,0,14.4,0.0,7576
10000,6,League,0,0,12.8,0.0,5627
15000,5,League,0,0,20.9,13.7,2644
30000,4,League,0,0,11.1,0.0,12958
10000,2,League,0,0,25.7,0.0,3067
5000,10,League,1,0,20.8,0.0,5098
10000,9,League,1,0,13.9,0.0,9402
50000,3,League,0,0,23.5,0.0,17100
10000,10,Cup,0,0,9.8,8.9,5151
5000,1,League,0,0,30.5,5.6,101
50000,6,International,0,0,30.4,0.0,41734
50000,4,League,0,0,10.5,0.0,21508
15000,2,Cup,1,0,7.8,0.0,6434
30000,1,International,1,0,10.4,0.0,19142
30000,9,League,0,0,22.7,0.0,23989
30000,10,League,0,0,9.9,0.0,24447
20000,2,Cup,0,0,11.4,0.0,6497
20000,8,League,0,0,30.7,15.0,7198
20000,1,International,0,0,16.3,0.0,10184
20000,2,International,1,0,29.1,0.0,14055
15000,10,League,1,0,17.1,7.4,10666
10000,4,League,0,0,11.2,0.0,4129
50000,9,Final,0,0,25.2,0.0,54601
30000,6,Final,0,1,12.3,1.1,22859
50000,1,League,0,0,31.8,0.0,6246
5000,2,Cup,0,0,15.6,0.0,1589
10000,1,League,1,0,16.2,0.0,3653
15000,4,International,1,0,19.2,0.0,13430
30000,1,League,0,0,31.5,0.0,4515
30000,9,Cup,0,0,10.3,12.9,16025
5000,4,League,0,0,24.7,14.6,399
10000,5,League,0,0,17.5,0.0,5086
5000,5,Cup,0,0,19.9,0.0,2882
5000,3,League,1,0,18.8,0.0,2616
15000,2,League,1,0,18.6,0.0,6746
15000,6,Cup,0,0,21.6,0.0,9345
15000,4,League,0,0,16.8,10.0,1611
50000,3,League,0,0,32.5,4.8,4300
10000,10,Cup,0,0,7.0,5.9,5560
50000,2,Final,0,0,7.1,1.8,14211
5000,5,League,1,0,32.7,0.0,2975
50000,5,League,1,0,9.4,0.0,29443
20000,1,League,0,0,9.4,0.0,3031
10000,9,League,0,0,32.1,0.0,7747
5000,9,Cup,0,0,34.1,0.0,4048
20000,7,League,0,0,27.3,0.0,13593
30000,7,Cup,0,0,27.6,0.0,20714
20000,10,League,1,0,22.2,0.0,20964
15000,10,League,1,0,28.2,0.0,15704
10000,5,League,0,0,25.9,0.0,5276
10000,2,International,0,0,24.9,10.5,2259
30000,7,Final,0,0,19.3,0.0,26906
5000,8,League,0,0,34.4,0.0,3450
20000,2,League,0,0,19.4,0.0,5868
15000,7,League,1,0,26.0,0.0,12134
30000,5,League,1,0,22.5,0.0,19027
20000,6,International,0,0,34.1,0.0,17008
15000,5,League,0,0,32.5,0.0,6521
20000,10,League,0,0,9.7,0.0,17433
5000,1,League,0,0,31.6,0.0,603
30000,10,League,0,0,5.1,0.0,24926
10000,3,Cup,1,0,22.4,0.0,5674
10000,4,League,1,0,7.8,0.0,5606
30000,3,League,0,0,29.4,0.0,10461
5000,10,League,0,0,34.7,3.6,3259
5000,5,League,0,0,14.5,0.0,2483
20000,6,League,0,0,29.6,0.0,11248
50000,5,League,0,0,28.0,0.0,24646
20000,3,League,1,0,9.1,0.0,9147
15000,1,Cup,1,0,28.2,0.0,5583
10000,1,League,0,0,14.6,0.0,1833
10000,4,League,0,0,10.8,10.6,1096
20000,3,League,0,0,25.8,0.0,7235
15000,6,International,0,0,12.0,0.0,13480
10000,8,Final,0,0,8.7,0.0,9436
10000,7,Cup,1,0,7.4,0.0,8414
5000,8,League,1,0,22.6,0.0,4351
30000,2,League,0,0,16.7,0.0,8454
10000,7,League,0,0,14.9,1.0,4874
10000,9,Cup,0,0,6.5,0.0,7963
15000,7,League,0,0,29.8,0.0,9722
20000,9,League,0,0,12.7,0.5,11997
30000,8,Cup,1,0,24.7,0.0,27375
5000,5,League,1,0,31.4,0.0,2941
15000,9,Cup,0,0,15.8,0.0,12705
20000,1,League,0,0,7.2,0.0,2857
30000,9,Final,0,0,6.5,0.0,31244
15000,10,Final,0,0,11.0,0.0,16935
15000,2,League,0,0,15.9,0.0,3774
50000,4,Cup,1,0,34.5,0.0,28075
30000,6,International,1,0,31.7,12.7,18639
5000,9,League,0,0,20.0,0.0,4206
10000,9,League,0,0,11.3,4.1,5868
50000,2,Cup,0,0,21.8,0.0,15965
15000,2,Final,0,0,15.6,0.0,8348
15000,1,International,0,0,28.7,0.0,7299
20000,1,League,1,0,30.2,0.0,5780
15000,4,League,1,0,17.5,0.0,8825
50000,9,Final,0,0,27.5,0.0,52100
30000,2,Final,0,0,28.7,0.0,16340
15000,7,League,0,0,34.5,0.0,8857
5000,7,League,0,0,31.3,0.0,2935
15000,6,League,0,0,33.8,0.0,7924
20000,4,International,1,0,10.0,0.0,17744
20000,9,Cup,1,0,30.0,0.0,19883
50000,10,Cup,0,0,9.8,0.0,45919
5000,10,League,0,0,22.2,0.0,4413
10000,2,League,0,0,26.2,0.0,2476
5000,1,Cup,0,0,8.4,0.0,910
30000,7,League,0,0,32.1,0.0,18790
15000,3,Cup,1,0,32.7,0.0,7976
30000,5,League,1,0,9.8,9.6,7882
5000,3,League,0,0,9.7,0.0,1404
20000,2,League,0,0,28.0,9.6,1222
20000,3,League,0,0,21.2,0.0,6847
15000,5,League,0,0,5.4,5.4,1977
15000,9,League,0,0,21.7,9.8,6751
20000,10,International,1,0,26.3,0.0,22812
20000,6,League,1,0,5.3,0.0,13568
20000,7,Cup,0,0,25.3,0.0,14748
30000,1,League,0,0,5.7,0.0,5111
5000,2,League,0,0,8.7,0.0,1237
5000,7,League,0,0,29.4,0.0,3309
30000,3,Cup,0,0,23.5,0.0,11496
50000,8,International,1,0,5.7,0.0,56523
5000,7,Cup,1,0,30.1,0.0,4092
20000,8,League,0,0,29.6,0.0,14823
50000,5,League,0,0,6.0,0.0,22722
10000,5,Cup,0,0,11.8,0.0,5684
5000,4,League,0,0,13.0,0.0,2270
30000,8,League,0,0,28.0,9.3,10922
15000,2,League,1,0,25.1,0.0,6216
30000,3,International,1,0,30.1,2.2,16990
20000,8,International,0,0,34.6,0.0,19503
15000,1,League,0,0,7.1,0.0,2548
50000,2,Cup,0,0,31.9,13.6,2166
50000,4,League,0,0,23.5,0.0,22023
10000,8,League,0,0,28.1,0.0,7390
5000,3,League,1,0,33.4,0.0,2369
10000,2,League,1,0,33.8,1.4,2010
50000,8,International,0,0,29.5,0.0,51947
5000,2,International,0,0,17.5,0.0,2742
20000,4,Cup,0,0,24.3,5.4,2776
30000,2,League,0,0,7.0,0.0,6530
30000,2,League,0,0,34.8,0.0,7548
30000,5,League,1,0,18.1,0.0,18977
10000,5,League,1,1,31.4,0.0,7146
50000,10,League,0,0,25.3,0.0,44431
10000,1,International,0,0,31.2,0.0,4546
5000,4,League,0,0,23.3,0.0,2238
15000,1,League,0,0,29.6,0.0,2893
20000,8,League,0,1,21.4,0.0,17365
15000,5,League,1,0,28.4,0.0,9439
30000,5,League,1,0,8.3,0.0,18841
30000,4,League,0,0,16.2,0.6,7145
20000,9,League,0,0,29.8,0.0,16139
30000,8,International,0,0,13.8,0.0,31367
50000,9,League,0,0,12.9,0.0,40225
10000,3,Cup,0,0,27.7,0.0,3968
50000,4,International,1,0,13.8,5.0,32706
15000,10,League,1,0,26.9,0.0,16018
30000,2,League,0,0,25.5,0.0,8976
30000,3,League,0,0,27.4,0.0,11073
30000,2,League,0,0,6.1,0.0,6907
10000,2,International,0,0,34.1,0.0,5217
30000,7,Cup,0,0,18.1,10.7,10729
20000,3,International,1,0,30.5,0.0,15006
10000,8,League,1,0,25.0,0.0,9120
50000,8,Final,0,0,9.9,0.0,45673
30000,7,Cup,0,0,11.4,13.7,11083
10000,7,League,0,0,26.9,0.0,6858
15000,5,Cup,0,1,28.5,0.0,9677
15000,8,League,0,0,30.9,0.0,10370
20000,4,League,1,0,26.7,3.4,7488
30000,4,League,1,0,15.0,0.0,16632
50000,5,Cup,0,0,24.8,0.0,28949
5000,4,League,0,0,33.3,0.0,2050
15000,6,League,0,0,34.1,0.0,7646
10000,4,League,0,0,33.1,0.0,3530
10000,1,League,0,0,25.5,0.0,1993
50000,9,League,1,0,28.5,0.0,49680
10000,1,League,1,0,21.8,0.0,3460
10000,2,League,0,0,15.3,11.6,456
10000,5,Cup,0,0,9.2,0.0,5005
30000,1,League,0,0,11.5,0.0,6469
10000,1,League,0,0,29.6,12.7,545
30000,3,League,0,0,10.7,0.0,10346
50000,5,League,1,0,11.5,0.0,32038
15000,4,League,1,0,21.4,0.0,8902
30000,8,League,0,0,26.7,0.0,21274
20000,10,League,0,0,31.6,0.0,16951
5000,4,Final,0,0,28.4,0.0,3395
5000,5,Cup,0,0,10.3,12.1,921
5000,2,League,0,0,25.6,9.4,123
20000,1,League,1,0,9.7,0.0,6455
15000,5,League,1,0,28.1,0.0,9783
50000,6,League,0,0,19.8,2.3,20094
5000,8,Cup,0,0,32.0,0.0,3625
15000,2,League,0,0,34.7,0.0,3179
50000,4,League,0,0,11.1,11.0,3541
5000,1,League,0,0,25.4,0.0,901
20000,10,League,1,0,10.8,7.8,14107
50000,6,League,1,0,8.7,7.7,16095
10000,9,International,0,0,13.3,0.0,11306
10000,10,League,0,0,33.5,0.0,8656
10000,7,Final,0,0,10.2,0.0,9358
30000,10,League,0,0,13.5,0.0,27357
30000,9,League,0,0,21.3,0.0,24585
15000,5,International,1,0,20.8,0.0,14092
50000,4,League,1,0,24.7,0.0,30324
30000,6,League,0,0,15.6,0.0,16916
15000,10,League,0,0,23.1,8.9,8218
20000,8,League,0,0,18.5,0.0,14535
50000,9,Cup,0,0,9.0,0.0,40589
30000,6,League,0,0,29.7,0.0,17357
5000,9,League,1,0,16.3,0.0,4816
50000,1,League,1,0,21.4,0.0,16921
50000,8,League,0,0,11.3,7.9,20608
5000,1,Cup,0,0,17.7,0.0,1338
50000,7,League,0,0,12.1,0.0,32051
20000,8,League,0,0,15.4,0.0,14798
50000,4,League,0,0,11.6,0.8,11815
10000,8,League,1,0,25.5,5.6,5237
30000,5,League,1,0,9.5,0.0,18014
20000,2,League,0,0,32.3,0.0,4513
5000,3,International,0,0,20.4,9.2,1418
15000,4,International,0,0,33.6,0.0,10551
20000,3,League,0,0,12.2,7.9,908
5000,8,International,0,0,9.8,0.0,4900
5000,7,League,1,0,28.1,0.0,3957
50000,8,League,1,0,12.6,0.0,45107
30000,7,League,0,0,26.2,0.0,19406
30000,6,International,0,0,6.5,2.3,18355
5000,3,League,0,0,14.0,0.0,1858
50000,2,League,0,0,14.4,0.0,15219
5000,3,League,0,0,7.0,0.0,1533
5000,10,League,1,0,25.5,0.0,5334
30000,9,International,1,0,5.1,3.1,29945
5000,9,League,0,0,33.4,0.0,3933
30000,10,League,0,0,31.1,0.0,25631
20000,2,Final,0,0,5.8,0.0,9463
50000,7,League,0,0,12.4,0.0,33343
30000,7,League,0,0,27.7,0.6,13377
50000,10,International,1,0,31.8,0.0,56601
5000,4,League,1,0,13.5,8.9,1096
10000,5,International,0,0,5.5,0.0,7603
50000,9,League,0,0,13.4,0.0,40597
20000,10,League,0,0,22.4,0.0,17452
5000,10,League,0,0,30.0,7.2,2569
10000,8,League,0,0,9.0,0.0,6836
5000,9,League,1,0,18.8,0.0,4820
20000,5,League,1,0,10.9,0.0,13742
10000,7,Cup,0,0,33.9,0.0,6866
20000,10,International,0,0,26.3,0.0,23000
10000,3,League,0,0,30.9,0.0,3295
10000,5,League,0,0,24.8,0.0,4955
50000,8,League,0,0,5.9,14.5,16496
20000,5,League,1,0,5.9,0.0,12669
10000,8,League,1,0,12.5,0.0,8733
5000,7,League,0,0,18.6,7.8,1611
10000,1,International,0,0,19.8,0.0,4775
20000,6,Final,0,0,32.4,0.0,15843
30000,3,International,0,0,24.9,0.0,18961
20000,7,League,0,0,18.5,11.2,6623
20000,9,League,1,0,24.4,0.0,19578
30000,9,International,1,0,14.7,0.0,34241
5000,6,League,0,0,9.3,0.0,2700
30000,4,League,0,0,28.2,0.2,7494
20000,5,International,0,0,27.8,0.0,16203
5000,5,Cup,0,0,19.0,0.0,2892
5000,7,Cup,0,0,32.9,0.0,3378
50000,10,League,1,0,31.9,0.0,49850
15000,7,International,1,0,23.3,0.0,16746
10000,1,League,0,1,25.1,3.2,1170
15000,10,League,0,0,11.3,0.0,13833
5000,9,International,0,0,24.1,0.0,5617
30000,7,League,0,0,18.0,8.7,9739
10000,7,League,0,0,26.8,3.3,4326
30000,3,League,1,0,18.9,0.0,15175
15000,1,League,1,0,11.9,0.0,4981
5000,3,League,0,0,20.7,0.0,1889
50000,4,Cup,0,0,23.0,0.0,23697
10000,8,League,0,0,16.5,0.0,7221
50000,10,International,0,0,31.7,0.0,55750
10000,2,League,0,0,6.9,0.0,2044
20000,5,Final,1,0,28.1,0.0,18196
10000,6,League,1,0,23.6,0.0,7396
10000,2,League,0,0,5.6,0.0,2469
15000,7,League,0,0,16.5,6.9,5125
15000,6,League,0,0,17.4,0.0,8917
5000,5,League,0,0,31.5,0.0,2180
20000,8,International,0,0,19.7,0.0,20601
5000,3,International,1,0,23.9,11.0,2236
5000,1,Final,1,0,33.8,8.9,1137
5000,6,League,0,0,12.1,0.0,2817
30000,8,League,0,0,9.4,0.0,20249
10000,6,Cup,0,0,25.8,2.7,4395
50000,9,League,0,0,17.6,0.0,40786
5000,6,International,0,0,19.8,0.0,4311
30000,1,League,1,0,12.6,0.0,10409
20000,5,League,1,0,32.1,0.0,12235
50000,5,League,0,0,30.3,0.0,22749
10000,2,Final,0,0,16.9,0.0,5170
30000,1,League,0,0,16.6,0.0,5855
20000,5,Final,0,0,13.5,0.0,14875
10000,1,League,0,0,33.8,0.0,1483
10000,4,League,1,0,16.4,0.0,5661
30000,4,League,1,0,8.6,0.0,15087
50000,9,League,0,0,7.9,0.0,39322
50000,6,Final,0,0,21.6,0.0,42103
20000,8,League,0,0,26.2,0.0,14689
20000,2,International,0,0,13.2,0.0,11444
50000,6,League,0,0,9.3,0.0,27362
30000,4,League,1,0,28.6,0.0,17430
50000,7,League,1,0,16.6,0.0,42085
15000,10,League,0,0,19.3,0.5,10480
30000,9,Cup,0,0,32.6,0.0,24736
30000,1,International,0,0,27.4,0.0,14620
20000,1,League,0,0,23.4,6.4,669
30000,8,Cup,0,0,33.8,0.0,21924
10000,3,League,1,0,34.5,0.0,4674
10000,4,Cup,1,0,18.6,0.0,6167
20000,2,League,0,0,5.4,0.0,4119
50000,7,Final,0,0,25.2,0.0,44801
30000,9,Final,0,0,13.2,0.0,31119
15000,3,League,0,1,14.5,6.9,2001
5000,9,International,0,0,15.0,0.0,5514
5000,5,League,1,1,18.5,0.0,3835
15000,5,League,1,0,24.2,0.0,9449
50000,3,League,0,0,34.8,0.0,14502
50000,6,Cup,0,0,9.5,0.0,28144
15000,6,League,0,0,12.7,0.0,9117
50000,8,Cup,0,0,34.2,10.0,19864
15000,3,League,0,0,14.7,8.9,1114
20000,3,League,1,0,10.3,0.0,10363
15000,5,League,1,0,15.9,0.0,9500
15000,2,League,0,0,26.7,0.0,4247
30000,8,League,0,0,30.7,4.3,13929
15000,8,Cup,0,0,6.6,0.0,11277
15000,6,League,0,0,23.7,0.0,8583
10000,8,Final,0,0,27.3,0.0,9704
50000,2,Cup,1,0,7.0,0.0,22723
50000,8,League,1,0,22.8,3.6,33759
30000,5,League,0,0,14.9,0.0,14677
5000,4,International,0,0,27.3,14.3,1947
20000,8,League,0,1,5.4,0.0,15448
30000,2,League,0,0,16.5,0.0,7833
30000,2,Cup,0,0,30.8,0.0,7543
30000,1,League,1,0,20.1,14.4,2287
10000,10,Cup,1,0,7.4,0.0,10263
50000,4,League,0,0,5.8,0.0,19772
20000,10,League,0,0,20.7,0.0,17772
10000,7,League,0,0,13.4,0.0,6418
5000,3,League,0,0,31.3,0.0,1389
15000,4,League,0,0,24.6,0.0,6453
50000,10,International,1,0,6.6,0.0,57499
30000,1,Cup,1,0,17.6,0.0,11391
30000,1,League,0,0,26.3,0.0,5207
30000,7,League,0,0,15.1,0.0,19742
50000,4,League,0,0,30.9,0.0,18566
30000,4,League,0,0,32.0,0.0,10928
10000,1,League,0,0,9.1,0.0,1553
10000,9,League,1,0,17.7,0.0,9710
15000,7,League,1,0,32.0,10.1,6035
20000,8,League,0,0,26.9,0.0,14973
5000,10,Cup,0,0,13.1,0.0,4857
10000,3,League,0,0,27.5,0.0,3603
50000,9,League,0,0,30.9,6.2,21146
15000,1,League,0,1,14.4,0.0,4932
50000,8,League,1,0,17.8,0.0,45681
5000,5,League,1,0,6.7,0.0,3166
5000,9,League,0,0,27.7,0.0,3956
5000,10,League,0,0,12.0,4.4,3581
30000,2,League,0,0,14.9,0.0,8856
15000,7,Cup,0,0,25.9,0.0,10249
50000,5,League,0,1,22.2,0.0,30174
20000,2,League,1,0,15.5,7.5,2086
10000,2,League,1,1,24.6,0.0,5301
10000,4,League,0,0,10.1,0.0,4439
20000,6,League,0,0,24.0,12.0,4536
15000,3,League,0,0,5.7,0.0,4281
30000,9,International,0,0,12.7,0.0,32671
15000,9,League,0,0,11.7,0.0,12307
10000,10,Cup,1,0,7.8,0.0,10430
50000,10,League,1,0,29.2,0.0,52158
10000,6,League,0,0,24.3,0.0,6135
30000,2,International,0,0,27.2,10.0,7594
20000,9,International,0,0,8.8,0.0,21237
10000,8,League,0,0,21.8,9.0,4061
30000,7,League,0,0,31.2,0.0,17951
30000,2,Final,1,0,15.2,0.0,20890
20000,4,League,1,0,33.9,14.8,3644
10000,5,International,0,0,18.3,0.0,8347
15000,9,League,0,0,12.4,0.0,11985
10000,2,League,0,0,15.5,0.0,2825
5000,5,League,0,0,19.4,6.1,747
15000,5,Cup,0,0,29.2,0.0,8122
15000,2,League,1,0,17.2,0.0,6073
50000,10,League,1,0,5.4,2.0,38786
50000,8,League,0,0,22.4,0.0,36184
10000,2,League,0,0,25.8,0.0,2560
10000,4,Final,0,0,9.5,0.0,6140
5000,1,League,0,1,5.5,0.0,1338
20000,8,Cup,0,1,17.9,0.0,17734
50000,1,League,1,0,30.0,0.0,17359
20000,4,League,1,0,22.7,0.0,11073
5000,5,League,0,0,26.6,1.8,1557
30000,6,League,0,0,25.7,0.0,18323
10000,2,League,0,0,21.4,5.1,276
5000,10,Cup,0,0,23.5,0.0,4620
15000,8,League,0,0,30.7,1.8,7401
50000,7,League,1,0,17.7,5.6,23815
20000,9,League,1,0,8.3,5.5,11307
10000,1,Final,0,0,16.9,0.0,4623
10000,7,League,0,0,10.3,0.0,6641
30000,4,Cup,0,0,8.3,0.0,12442
15000,5,League,0,0,16.6,0.0,8030
50000,4,International,0,0,20.6,0.0,35932
20000,1,League,1,0,21.2,0.0,7077
10000,8,Cup,1,0,34.6,0.0,8606
15000,3,League,0,0,6.0,0.0,4666
30000,4,League,0,0,10.2,0.0,12739
10000,3,League,0,0,6.7,6.0,689
30000,4,Cup,0,0,22.7,0.0,14361
20000,7,League,0,0,32.0,0.0,12701
30000,2,Cup,1,0,14.5,0.0,14493
15000,7,League,1,0,16.6,0.0,12245
15000,3,Cup,0,0,12.3,0.0,5938
20000,10,League,0,0,32.2,0.0,17373
20000,5,League,0,0,25.1,7.8,2995
5000,3,League,0,0,14.2,0.0,1901
10000,3,League,0,0,17.0,0.0,3748
50000,10,League,1,0,26.1,0.0,51795
50000,9,Cup,1,0,16.1,0.0,51132
15000,1,League,0,0,24.8,0.0,2945
5000,6,Final,0,0,8.6,0.0,3895
10000,5,International,0,0,27.3,8.6,4657
10000,10,Cup,0,0,23.6,0.0,9574
30000,7,Cup,0,0,19.0,0.0,20507
15000,3,League,1,0,23.4,0.0,7986
50000,9,League,1,0,9.3,2.0,35682
50000,9,League,0,0,10.7,0.0,39329
10000,9,League,0,0,33.9,5.0,5578
10000,1,Cup,0,0,29.1,0.0,2789
10000,9,Final,0,0,23.7,1.5,8474
20000,4,League,0,0,27.8,0.0,9182
50000,9,League,1,0,7.8,0.0,45095
50000,8,Cup,1,0,26.9,0.0,46051
5000,10,League,0,0,25.1,0.0,4359
10000,2,League,0,0,31.0,6.2,243
10000,4,Cup,0,0,5.1,0.0,4418
20000,3,League,0,0,27.0,1.9,3317
10000,4,International,0,0,24.1,0.0,7065
5000,9,League,1,0,34.1,0.0,4711
5000,2,International,1,0,25.4,0.0,3692
20000,3,League,0,0,23.7,0.0,6854
30000,5,League,0,0,18.5,0.0,14931
50000,4,International,0,0,12.8,6.5,17868
10000,2,League,0,0,29.1,0.0,2909
50000,5,League,0,0,27.1,5.8,8242
30000,8,League,1,0,22.8,0.0,26862
5000,5,League,1,0,12.8,0.0,3186
5000,1,League,0,0,17.7,4.8,277
15000,8,League,0,0,11.9,0.0,10995
50000,10,League,0,0,11.9,3.7,33683
30000,1,League,0,0,17.2,7.7,889
15000,2,League,0,0,14.0,0.0,4128
5000,6,League,1,0,24.0,0.0,3672
15000,6,League,1,0,23.9,5.7,6168
15000,10,League,0,0,10.7,3.8,10673
5000,1,League,0,0,15.3,0.0,950
10000,7,League,0,0,27.9,0.0,6582
10000,8,League,0,0,13.8,0.0,7224
30000,8,League,0,0,31.2,0.0,21316
15000,3,League,1,0,26.3,0.0,7422
50000,9,League,0,0,5.0,0.0,39653
50000,10,Final,0,0,29.1,0.0,57499
50000,9,Cup,0,0,14.3,0.0,41909
15000,1,League,0,0,13.6,0.0,3024
5000,9,Final,0,0,16.7,0.0,5290
5000,7,Cup,1,0,32.7,0.0,3936
20000,2,Final,1,0,6.3,0.0,12836
10000,3,League,0,0,33.4,0.0,3300
15000,1,League,0,0,16.1,0.0,2837
15000,1,League,0,0,33.3,0.6,955
20000,10,League,0,0,25.1,0.0,17587
5000,4,Cup,0,0,24.1,13.5,618
50000,3,League,1,0,11.9,0.0,25259
15000,2,Cup,1,0,25.4,10.4,2238
5000,2,League,0,0,27.3,0.0,1510
20000,9,League,0,0,18.8,0.0,16601
50000,5,League,0,0,9.9,11.6,4767
10000,9,League,0,0,10.4,0.0,8215
30000,8,League,0,0,15.3,0.0,22252
15000,10,League,1,0,9.1,9.0,9662
15000,8,International,1,0,8.8,0.0,17250
20000,5,Final,0,0,27.1,0.0,15058
15000,2,Final,0,0,8.0,0.0,6873
15000,5,International,0,1,25.4,0.0,13242
15000,1,League,0,0,25.5,0.0,2774
10000,2,International,0,0,31.5,0.0,5321
5000,7,Cup,1,0,8.5,0.0,4046
20000,5,League,1,0,7.2,0.0,11636
10000,4,League,0,0,14.5,0.0,4170
20000,4,International,0,0,24.3,1.9,11044
50000,8,League,0,0,31.5,0.0,33515
10000,2,International,0,0,23.1,2.5,3674
15000,3,League,0,0,15.4,0.0,5334
5000,4,League,1,0,22.3,0.0,3005
50000,10,League,1,0,15.8,0.0,50915
30000,5,League,0,0,31.4,0.0,14370
10000,4,League,0,0,7.8,0.0,3616
20000,9,League,0,0,26.2,0.0,15779
10000,4,League,0,0,18.1,6.4,957
20000,9,International,0,0,10.3,0.0,21754
50000,3,League,1,0,15.6,0.0,23778
5000,3,League,1,0,32.1,0.0,2159
50000,4,League,0,0,14.0,0.0,22113
50000,2,League,0,0,26.1,0.0,15153
20000,3,League,0,0,7.0,0.0,6624
20000,3,League,0,0,9.3,0.0,6393
10000,4,League,0,0,17.7,0.0,4377
50000,8,League,1,0,26.2,0.0,45768
20000,2,Final,1,0,24.5,0.0,13764
20000,2,League,0,0,32.5,0.0,4408
15000,8,League,0,0,9.4,0.5,7303
30000,10,League,0,0,30.6,0.0,25271
50000,10,League,0,0,10.5,0.0,43678
15000,3,League,0,0,21.5,11.1,475
30000,1,Cup,1,0,10.4,9.7,1721
15000,4,League,1,0,6.9,11.0,2532
50000,3,Cup,0,0,24.3,0.0,19397
30000,5,League,0,0,6.6,0.0,13177
20000,7,Cup,0,0,12.0,0.0,14198
50000,5,League,0,0,21.7,0.0,26159
15000,10,League,0,0,9.3,0.0,12965
15000,1,Cup,1,0,22.3,0.0,6177
50000,3,League,1,0,14.3,0.0,26144
15000,9,League,0,0,7.4,9.3,6539
20000,4,Final,0,0,30.0,0.0,13773
15000,8,Final,0,0,27.2,0.0,14398
5000,3,League,0,0,33.7,0.0,1514
50000,8,International,0,0,30.9,0.0,50890
5000,10,International,1,0,24.2,0.0,5621
50000,2,League,1,0,19.8,0.0,20787
50000,1,League,0,0,12.2,0.0,11249
50000,3,Final,0,0,19.6,0.0,31289
15000,7,League,0,0,32.9,9.8,3780
50000,10,Cup,0,0,11.3,0.0,48271
30000,7,League,0,0,5.0,0.0,17889
5000,7,Cup,1,0,15.9,0.0,4414
10000,5,League,1,0,22.7,0.0,6345
30000,7,League,0,0,11.7,0.0,20406
15000,3,Final,0,0,29.9,0.0,8623
20000,2,League,0,0,18.5,0.0,5146
30000,7,League,0,0,29.7,11.1,9028
50000,1,League,0,0,6.7,0.0,8660
5000,4,Final,1,0,18.7,0.0,4163
5000,4,International,1,0,15.5,9.7,2541
15000,7,International,0,0,22.6,0.0,14219
30000,6,Cup,0,0,21.6,0.0,18795
10000,7,League,0,0,19.5,0.0,6425
30000,9,League,0,0,28.9,0.0,24424
5000,1,Cup,0,0,21.7,0.0,1103
5000,7,League,1,0,7.3,9.8,1924
5000,10,League,1,0,8.0,0.0,4955
50000,6,Cup,0,0,23.6,0.0,32080
30000,1,League,0,0,30.2,0.0,3628
20000,2,League,0,1,29.8,0.0,7336
20000,5,International,0,0,16.5,0.0,16411
50000,9,League,0,0,23.9,12.6,22199
15000,9,League,1,0,17.2,0.0,14695
20000,2,League,1,0,10.2,8.6,1454
30000,7,League,0,0,30.8,0.0,18774
50000,7,International,0,0,31.5,4.1,36597
20000,3,League,0,0,21.7,0.0,6485
5000,1,International,0,1,20.3,0.0,3078
10000,2,Cup,0,0,34.5,0.0,3023
15000,7,International,1,0,10.8,0.0,16852
50000,2,League,1,0,17.3,14.7,5328
5000,4,League,0,0,29.3,0.0,2127
10000,3,League,0,0,26.5,0.0,3720
20000,2,International,0,0,9.2,0.0,10684
30000,7,League,0,0,21.9,0.0,19599
5000,7,Cup,0,0,27.9,0.0,3681
10000,5,League,1,0,33.1,0.0,6135
50000,9,League,1,0,23.8,7.9,29865
50000,1,League,0,0,27.5,12.0,3840
50000,3,Final,0,0,14.9,0.0,30211
5000,1,Cup,0,0,6.9,11.3,367
5000,4,International,0,0,31.7,0.0,3539
15000,9,Cup,0,0,24.8,0.0,13027
20000,10,Cup,1,0,16.2,0.0,21743
10000,2,League,1,0,8.5,0.0,4011
20000,10,League,0,0,33.7,7.0,9427
30000,9,League,0,0,32.4,2.0,17243
10000,3,League,0,0,29.4,0.0,3712
30000,1,League,0,0,18.6,0.0,6236
15000,3,League,0,0,20.3,0.0,4939
10000,3,League,1,0,12.4,0.0,4989
20000,6,League,1,0,20.4,0.0,14493
15000,10,League,0,0,17.3,0.0,13283
50000,2,League,0,0,22.9,0.0,13330
10000,5,League,0,0,22.7,0.0,4855
5000,8,International,0,0,18.0,14.2,3375
30000,1,International,0,0,29.2,8.3,3899
15000,1,League,1,0,20.3,8.3,391
15000,2,League,1,0,19.2,0.0,6411
20000,6,League,0,0,22.3,10.8,4167
15000,10,League,0,0,10.6,0.0,13606
30000,8,League,0,0,25.4,0.0,21655
5000,7,Cup,0,0,5.1,0.0,3347
50000,4,Cup,0,0,6.1,0.0,21272
10000,6,Cup,1,0,23.9,14.6,4085
5000,4,League,1,0,11.6,0.0,2781
20000,8,League,0,0,6.0,0.0,14367
50000,9,Cup,0,0,25.7,0.0,43734
15000,3,League,0,0,15.9,0.0,5135
20000,1,Cup,0,0,12.8,0.0,4742
15000,9,League,0,0,23.8,0.0,11868
10000,2,Final,1,0,32.3,6.8,2577
15000,8,Cup,1,0,14.3,0.0,13736
15000,3,League,0,0,6.0,0.0,4404
30000,9,Final,0,0,17.5,0.0,31507
50000,2,Cup,0,0,19.5,1.7,5598
30000,5,Final,0,0,9.8,0.0,20915
30000,2,League,0,0,29.6,8.6,2157
20000,4,Cup,1,0,6.5,0.0,11503
30000,7,League,1,0,16.9,6.3,13780
50000,4,League,0,0,16.7,0.0,22670
20000,6,League,0,0,7.2,0.0,10389
10000,9,League,0,0,13.3,13.1,4684
20000,6,League,0,0,23.2,0.0,11527
10000,4,League,0,0,17.1,0.0,4455
5000,5,League,1,0,7.7,0.0,2938
30000,4,League,1,0,19.8,0.0,18211
20000,1,League,0,0,8.7,0.0,3184
5000,10,League,0,1,24.4,0.0,4865
15000,4,League,0,0,21.6,0.0,6659
10000,6,League,0,0,15.2,0.0,6048
5000,3,League,0,0,28.6,0.0,1712
10000,7,League,1,0,10.8,8.5,4452
20000,6,League,1,0,34.7,0.0,13668
10000,6,League,0,0,23.8,0.0,6078
10000,4,League,0,0,13.8,0.0,4500
15000,9,League,0,0,26.4,0.0,12275
20000,1,League,0,0,26.5,0.0,3739
10000,5,Final,0,0,31.9,4.2,4924
20000,5,League,1,0,33.6,12.4,5092
15000,4,International,1,0,17.9,0.0,13382
10000,4,League,0,0,16.0,0.0,4510
50000,5,League,0,0,20.4,0.0,26518
20000,3,League,0,0,12.1,0.0,7102
30000,2,League,0,0,33.4,0.0,6508
15000,1,League,0,0,17.6,0.0,3021
30000,1,Cup,1,0,34.5,6.7,2211
20000,9,League,1,0,18.3,6.2,11805
15000,4,Cup,0,0,5.6,0.0,6186
10000,10,League,0,0,6.2,0.0,8648
30000,1,League,0,0,15.0,0.0,5169
30000,9,League,0,0,6.2,0.0,23057
20000,8,International,0,0,10.6,0.0,20667
5000,5,League,1,0,27.9,0.0,3334
15000,2,League,1,0,24.4,0.0,6440
20000,7,Cup,0,0,16.9,0.0,14108
50000,1,League,0,0,34.2,0.0,6829
50000,1,League,0,0,8.5,0.0,7356
50000,9,League,0,0,13.4,0.0,41829
10000,3,League,0,0,15.4,0.0,3696
30000,4,League,1,0,28.9,0.0,17529
10000,2,League,1,0,6.2,0.0,3705
50000,9,League,0,0,26.9,5.7,24137
20000,10,Cup,0,0,24.5,0.0,18484
5000,7,League,0,1,25.5,0.0,3842
50000,7,League,0,0,20.7,0.0,34222
30000,8,International,0,0,5.9,0.0,29092
10000,7,International,1,0,19.0,0.0,11228
5000,10,League,1,0,21.2,0.0,5178
10000,9,League,0,0,12.0,1.4,6057
5000,4,League,0,1,15.4,0.0,2677
15000,6,International,0,0,30.0,0.0,13281
30000,9,Cup,0,0,15.0,9.9,15837
10000,10,League,0,0,20.3,0.0,8937
30000,9,League,1,0,17.5,0.0,29432
50000,10,League,1,0,13.1,0.0,53266
5000,7,League,0,0,23.8,0.0,3339
30000,1,Cup,0,0,25.5,0.0,6929
30000,4,Cup,0,0,19.4,0.0,14240
5000,10,League,0,0,17.8,0.0,4552
10000,9,League,0,0,30.0,0.0,7907
20000,7,League,1,0,32.2,0.0,15154
50000,8,Cup,1,0,33.3,0.0,45636
5000,2,League,0,0,31.7,0.0,1036
20000,10,League,0,0,10.1,0.0,17612
30000,2,League,0,0,24.4,0.0,8494
50000,1,Cup,0,0,14.5,0.0,13618
5000,3,League,0,0,28.9,0.0,1789
30000,8,League,1,0,22.1,7.6,16196
20000,2,League,1,0,19.7,0.0,8885
15000,9,League,0,0,25.9,0.0,12513
15000,8,League,0,0,30.1,9.6,4677
15000,2,League,0,0,19.4,0.0,3888
30000,1,League,0,0,29.7,2.6,987
5000,6,League,0,0,27.1,0.0,2791
20000,10,Cup,1,0,12.2,0.0,21933
10000,6,Final,1,0,25.1,0.0,9783
10000,8,League,0,0,22.2,0.0,7249
50000,10,League,0,0,27.7,0.0,43458
15000,2,Cup,0,0,22.3,0.0,5011
30000,2,League,0,0,29.4,0.0,8017
50000,6,Cup,0,0,28.6,0.0,32658
10000,6,League,1,0,8.1,0.0,7040
5000,9,League,1,0,29.6,0.0,4911
5000,7,Cup,0,0,20.1,0.0,3576
15000,1,League,0,0,30.8,6.1,883
20000,2,Cup,0,0,21.4,0.0,6222
15000,1,International,0,0,33.7,0.0,6963
5000,8,League,0,0,28.1,13.0,1809
5000,3,League,1,0,27.9,9.7,807
50000,7,League,1,0,28.3,12.5,21825
30000,1,League,0,0,22.1,0.0,6051
10000,5,League,0,0,5.9,0.0,4341
20000,7,League,0,0,9.5,0.0,11894
15000,8,League,0,0,30.2,12.7,5460
30000,6,League,0,0,19.5,0.0,17148
30000,3,League,1,0,16.2,0.0,14999
20000,1,League,1,0,5.3,0.0,5468
50000,1,Cup,0,0,28.2,0.0,11562
5000,2,League,0,0,22.6,0.0,1432
50000,8,League,0,0,14.6,0.0,37527
5000,6,League,0,0,28.1,2.9,1797
10000,9,League,0,0,25.1,0.0,8022
10000,6,League,1,0,5.0,11.4,3255
10000,2,Cup,1,1,16.6,0.0,5738
30000,9,League,0,0,17.8,0.0,24715
50000,8,League,0,0,9.8,0.0,35077
5000,7,Cup,0,0,26.0,8.1,1741
5000,7,League,0,0,5.9,0.0,2944
5000,1,League,0,0,19.1,0.0,1065
10000,1,League,1,0,24.3,0.0,3390
10000,10,League,1,0,34.2,0.0,9916
15000,7,League,0,0,22.1,14.6,5102
50000,9,League,0,0,30.0,0.0,40434
5000,7,League,0,0,30.1,6.6,1278
15000,7,League,0,0,33.5,0.0,8842
15000,9,League,0,0,17.2,6.3,7399
30000,8,League,1,0,11.5,0.0,25989
50000,10,Cup,1,0,33.0,0.0,53417
50000,2,League,0,0,29.7,0.0,14294
5000,8,League,0,0,22.8,3.1,2681
10000,8,League,0,0,23.4,12.8,3655
50000,7,Final,0,0,22.4,0.0,47045
20000,7,League,0,0,13.9,1.5,9005
15000,8,League,1,0,13.1,0.0,13774
15000,6,League,1,0,7.7,0.0,10466
10000,5,International,0,0,22.8,0.0,8049
10000,2,League,0,0,18.2,0.0,3019
30000,4,League,0,0,17.0,0.0,12344
5000,6,Cup,0,0,24.4,2.0,2228
50000,3,League,0,0,21.8,0.0,16466
30000,6,Cup,1,0,32.8,0.0,21790
20000,9,League,1,0,28.8,0.0,19147
20000,6,League,0,0,24.1,0.0,11644
15000,7,League,0,0,11.7,0.0,9786
30000,10,League,0,0,14.8,0.0,26410
15000,6,League,0,0,8.2,0.0,7683
10000,7,League,0,0,6.9,0.0,6325
5000,8,League,1,0,5.6,0.0,4261
20000,9,International,1,0,8.1,0.0,22596
50000,2,League,0,0,6.9,0.0,11100
50000,10,League,0,0,24.4,0.0,43571
20000,6,International,0,0,5.1,0.0,16796
20000,8,League,0,0,10.5,0.0,14531
5000,10,International,0,0,16.3,12.0,4299
5000,2,League,1,0,7.6,0.0,1748
50000,3,League,1,1,30.5,7.1,9257
10000,2,Cup,0,0,10.0,0.0,3385
30000,9,League,0,0,13.6,4.8,19098
30000,2,League,0,0,30.6,13.4,1207
50000,3,Final,0,0,24.8,9.7,13738
5000,3,Final,0,0,23.2,0.0,2888
50000,8,League,1,0,14.4,0.0,45354
50000,10,League,1,0,26.2,0.0,51538
15000,10,Final,0,0,32.8,1.0,12971
20000,8,Cup,0,0,30.5,0.0,14708
10000,8,International,0,0,14.5,0.0,10104
10000,5,League,0,0,5.0,0.0,4543
30000,10,League,0,0,27.2,0.0,26789
30000,7,League,1,0,26.0,0.0,24899
5000,3,League,1,0,11.3,15.0,865
10000,8,League,0,0,12.5,0.0,7319
30000,8,League,0,0,22.6,0.0,22445
15000,1,League,0,0,11.8,0.0,2633
15000,2,International,0,0,30.4,0.0,7839
50000,9,League,0,0,20.8,0.0,41065
10000,10,League,1,1,6.6,0.0,11044
50000,9,League,1,0,25.5,0.0,47620
10000,9,International,0,0,29.7,0.0,11177
15000,10,Cup,0,0,19.7,0.0,14544
50000,8,League,0,0,12.4,0.0,36315
10000,8,League,0,0,28.0,5.0,5286
5000,9,Cup,0,0,8.6,0.0,4116
15000,10,Cup,1,0,28.1,0.0,15965
15000,5,League,1,0,17.3,0.0,9589
10000,7,Cup,0,0,21.6,0.0,7051
50000,8,League,0,0,10.9,0.0,35926
15000,8,League,0,0,20.2,0.0,11411
15000,8,Cup,0,0,20.3,0.0,11647
10000,3,Cup,0,0,30.7,0.0,3767
5000,2,League,1,0,26.2,0.0,2060
30000,7,League,1,0,14.9,0.0,24166
30000,7,Cup,0,0,18.6,5.8,11667
50000,4,Final,0,0,26.5,0.0,33990
10000,6,League,0,0,15.4,0.0,5962
5000,3,League,0,0,24.4,0.0,1829
15000,9,League,0,0,20.8,0.0,12404
30000,6,Cup,1,0,17.3,0.0,23448
5000,8,League,1,0,19.8,0.0,4297
10000,2,League,0,0,24.7,0.0,2600
30000,1,League,0,0,17.3,0.0,5989
20000,5,League,0,0,12.9,0.0,10672
5000,3,League,0,0,31.3,0.0,1478
30000,3,League,0,0,33.9,0.0,9870
30000,10,League,1,0,11.6,0.0,31067
10000,6,League,1,0,16.6,0.0,7137
50000,3,League,0,0,24.1,0.0,17700
5000,8,League,0,0,34.9,0.0,3556
30000,3,League,0,0,8.7,0.0,8272
5000,8,League,0,0,26.8,0.0,3588
15000,8,League,0,0,12.7,0.0,11261
5000,5,League,1,0,16.8,0.9,2163
15000,5,League,1,0,8.9,2.2,6321
30000,1,League,0,0,27.3,0.0,5413
5000,6,League,0,0,29.7,6.4,1139
30000,3,League,0,0,28.3,0.0,10903
50000,5,League,0,0,28.2,0.0,23936
15000,10,League,0,0,32.5,0.0,12389
20000,9,Final,1,0,24.7,0.0,23000
15000,8,Final,1,0,18.7,0.0,17250
20000,10,League,0,0,21.2,8.5,10640
20000,7,League,0,0,20.7,0.0,13326
30000,8,League,0,0,14.1,0.0,21538
20000,3,Cup,0,0,21.5,0.0,7793
30000,3,League,0,0,17.8,0.0,9937
10000,6,League,1,0,17.0,0.0,7533
5000,5,League,1,0,18.1,11.4,1551
5000,8,League,0,0,9.4,0.0,3473
30000,2,League,0,0,34.8,0.0,6911
15000,4,League,0,0,26.6,0.0,6463
30000,5,Cup,0,0,8.7,0.0,15272
15000,10,Cup,0,0,34.7,7.5,8212
50000,9,League,1,0,33.3,0.0,45597
20000,3,League,1,0,9.5,0.0,9666
50000,1,Final,0,0,12.1,0.0,21555
15000,4,League,0,0,25.7,13.2,1300
50000,7,League,0,0,13.4,0.0,32130
20000,2,International,0,0,10.8,0.0,11197
15000,6,League,0,0,19.4,0.0,9048
15000,5,League,1,0,31.6,0.0,9134
5000,8,League,1,0,12.1,0.0,4484
15000,7,League,0,0,28.6,0.0,9628
15000,7,Cup,0,0,7.9,0.0,9619
20000,10,Final,0,0,34.3,0.0,22107
20000,9,League,0,0,16.4,0.7,12277
20000,3,League,0,0,10.8,0.0,6622
30000,1,Final,1,0,7.7,0.3,11085
30000,3,International,1,0,33.2,0.0,21881
15000,6,League,0,0,21.7,0.0,9025
10000,7,League,0,0,26.6,0.0,6645
50000,3,League,0,0,20.3,0.0,16989
15000,6,League,0,0,34.9,0.0,8157
30000,5,League,0,0,20.0,0.0,15619
10000,6,League,1,0,32.7,0.0,6772
20000,1,League,1,0,21.7,1.8,3303
30000,1,International,0,0,28.4,11.4,4079
30000,9,League,0,0,22.4,0.0,24242
30000,1,League,0,0,16.8,0.0,6366
50000,7,Cup,0,0,18.1,0.0,35426
5000,9,League,0,0,11.9,0.0,4171
15000,6,International,1,0,34.3,0.0,15223
30000,3,Cup,1,0,22.2,0.0,17205
5000,6,League,0,0,18.4,4.9,2059
5000,1,League,0,0,5.3,0.0,782
5000,1,International,0,0,23.6,0.0,2431
50000,10,International,0,1,21.8,5.2,47582
10000,5,International,0,0,16.9,0.0,7956
30000,1,Cup,1,0,34.1,0.0,10494
30000,9,League,1,0,28.5,3.2,22146
20000,10,League,0,0,9.0,0.0,16308
30000,6,League,0,0,11.2,0.0,17065
50000,9,League,0,0,19.7,0.0,40589
5000,2,League,0,0,32.3,0.0,1213
50000,2,League,0,0,8.6,0.0,11734
15000,2,League,1,0,20.5,0.0,6459
5000,3,League,1,0,12.7,0.0,2546
20000,10,League,0,0,19.1,0.0,17791
5000,4,Final,0,0,11.6,0.0,3365
50000,6,League,0,0,20.1,0.0,29579
5000,7,League,0,0,10.7,0.0,3280
15000,10,League,0,0,10.9,0.0,13542
30000,9,Cup,1,0,26.7,0.0,30069
50000,10,League,1,0,11.0,7.1,35584
10000,5,League,0,0,23.4,0.0,4873
30000,1,Cup,0,0,34.6,0.0,6136
15000,10,League,0,1,8.8,0.0,13798
10000,6,League,0,0,29.6,0.0,5607
5000,2,Cup,0,0,7.0,0.0,1385
15000,2,Cup,1,0,27.7,0.0,7025
20000,7,Final,1,0,18.2,0.0,21511
5000,1,League,0,0,24.9,0.0,979
5000,4,Cup,0,1,31.5,0.0,2792
20000,9,Cup,0,0,25.1,0.0,17706
50000,5,Cup,0,0,30.2,0.0,25733
15000,1,League,0,0,19.3,0.0,2896
15000,6,International,1,0,19.9,6.5,10327
5000,5,League,1,0,33.9,0.0,3109
10000,2,League,0,0,12.3,14.7,617
10000,10,League,0,0,5.5,0.0,8243
30000,9,League,0,0,14.2,0.0,24148
20000,8,Cup,0,0,20.3,0.0,15759
5000,1,League,0,0,17.5,0.0,881
10000,8,Cup,1,0,12.4,0.0,9614
10000,3,Cup,1,0,5.6,0.0,5035
50000,9,League,0,0,18.6,6.0,22116
50000,2,Cup,0,0,9.8,0.0,13445
10000,5,Cup,0,0,27.3,10.5,1960
30000,1,League,0,0,19.8,0.0,6125
50000,8,League,0,0,22.4,0.0,36962
5000,2,Final,1,0,32.2,0.0,3019
20000,2,League,1,0,22.8,0.0,8404
50000,5,League,0,0,21.1,12.6,8144
30000,2,League,0,0,14.1,0.0,8434
5000,3,League,0,0,34.9,0.0,1546
20000,6,League,0,0,17.3,0.0,11450
10000,4,International,0,0,27.4,0.0,7160
50000,7,Cup,1,0,8.1,9.9,23542
50000,7,League,1,0,29.6,12.5,23234
5000,5,League,0,0,25.4,4.8,1652
20000,8,League,0,0,26.0,10.7,8373
5000,5,League,0,0,30.2,0.0,2437
10000,3,International,0,0,16.2,13.8,3161
5000,5,League,0,0,31.3,0.0,2203
15000,5,League,1,0,14.6,0.0,9727
15000,6,International,1,0,14.8,0.0,15213
15000,9,International,0,0,9.1,0.0,15583
20000,7,League,0,0,8.5,0.0,12634
10000,9,League,0,0,16.9,1.2,6084
50000,9,League,0,0,12.3,0.0,39554
10000,5,Cup,0,0,27.5,0.0,5442
50000,1,League,1,0,14.2,0.0,18576
5000,3,League,1,0,5.3,0.0,2155
10000,10,Cup,0,0,34.1,0.0,8969
15000,6,League,0,0,26.0,6.2,3417
10000,8,Final,0,1,27.7,0.0,11178
10000,5,League,0,0,31.4,8.1,1274
30000,6,League,0,0,28.9,0.0,17052
20000,1,League,1,0,24.8,0.0,6446
50000,5,League,1,0,27.1,0.0,34137
30000,2,International,0,0,9.9,9.1,4907
5000,5,League,0,0,26.0,0.0,2481
5000,1,Cup,0,0,24.6,0.0,1250
5000,2,League,0,0,33.3,0.0,1222
20000,1,League,0,0,17.8,0.0,3977
10000,3,League,1,0,13.4,0.0,4858
10000,5,League,1,0,10.9,0.0,6408
30000,3,Final,0,0,17.4,0.0,17741
30000,4,League,0,0,18.0,0.8,6986
15000,6,League,0,0,14.8,0.0,8463
50000,1,League,0,0,19.2,0.0,11217
10000,6,League,0,0,16.8,0.0,5857
10000,3,International,1,0,21.3,0.0,8173
30000,6,International,1,0,25.0,0.0,30280
30000,1,League,0,0,6.2,0.0,3697
50000,8,League,0,0,17.4,0.0,38345
20000,2,League,0,0,18.5,0.0,5008
20000,4,Final,0,0,29.7,0.0,13615
50000,3,League,0,0,15.7,0.0,17308
30000,1,League,1,0,20.8,0.0,10361
20000,8,League,1,0,31.5,2.2,12336
5000,4,League,0,0,25.0,0.0,2129
20000,10,League,0,1,20.3,1.2,15942
30000,7,League,0,0,16.1,0.0,20424
30000,10,League,0,0,12.1,0.0,26220
5000,3,League,0,0,23.8,13.9,379
50000,4,League,1,0,16.1,0.0,29885
15000,2,League,1,0,22.0,0.0,6094
10000,3,League,0,0,19.2,0.0,3690
5000,7,Final,0,0,33.5,0.0,4177
20000,9,League,0,0,19.0,0.0,15789
50000,7,League,0,0,31.2,0.0,31244
5000,1,League,0,0,18.8,0.0,954
30000,3,League,1,0,7.1,0.0,12860
10000,10,League,1,0,26.6,0.0,10374
15000,5,Final,0,0,27.6,0.0,11041
10000,7,League,0,0,14.4,0.0,6728
10000,8,League,0,0,6.0,0.0,6650
15000,4,League,0,0,14.1,13.0,1495
20000,3,League,0,0,12.0,0.0,7623
5000,7,League,1,0,32.7,0.0,3745
30000,9,League,1,0,17.6,0.0,29463
30000,3,League,0,0,12.3,0.0,10764
20000,1,League,0,0,9.1,0.0,3481
15000,2,Cup,0,0,24.2,0.0,5310
15000,1,Final,0,0,33.4,0.0,5580
50000,2,Cup,0,0,16.6,0.0,15275
50000,8,International,1,0,22.1,0.0,57499
15000,3,League,1,0,20.4,0.0,7133
30000,1,League,0,0,8.9,0.0,3690
15000,10,Final,0,0,28.9,0.0,16981
30000,2,Final,0,0,21.1,0.0,15905
30000,4,Cup,0,0,7.7,12.0,1957
20000,6,International,0,0,8.4,0.0,17298
5000,1,League,1,0,5.6,13.1,101
10000,4,Final,1,1,13.7,0.0,9561
15000,8,International,0,0,6.4,0.0,14708
20000,2,League,0,0,9.7,0.0,4436
5000,2,League,0,0,25.6,0.0,1435
10000,3,League,0,0,20.8,9.6,550
30000,7,International,0,0,7.7,0.0,27222
10000,1,Cup,1,1,14.2,1.6,2974
30000,10,League,1,0,17.1,0.0,31502
5000,3,Cup,0,0,19.6,0.0,2012
5000,10,League,0,0,26.4,0.0,4364
15000,3,League,0,0,5.7,0.0,4277
20000,8,League,0,0,22.1,0.0,14789
30000,6,League,0,0,18.9,1.2,12192
20000,1,League,1,0,9.1,0.0,6451
10000,1,League,1,0,15.4,0.0,3408
15000,8,International,0,0,20.2,0.1,13018
30000,5,League,0,0,28.3,0.0,14714
5000,7,League,0,1,17.5,5.1,2188
20000,2,Cup,0,0,22.8,0.0,6221
10000,10,League,0,0,9.5,0.0,8482
20000,3,Cup,1,0,34.3,0.0,10320
20000,6,League,1,0,8.7,0.0,14226
30000,2,League,0,0,28.1,0.0,8532
5000,7,League,0,0,23.2,8.7,1704
10000,1,League,0,0,26.0,0.0,2235
20000,4,League,0,0,30.3,5.1,1447
30000,1,International,0,0,24.8,7.9,5391
30000,3,Final,1,0,15.9,0.0,22858
10000,5,League,1,0,22.9,0.0,6368
5000,2,League,0,0,26.2,0.0,1417
15000,9,League,0,0,34.3,0.0,11055
10000,4,League,0,0,13.2,0.0,4149
5000,6,League,0,0,12.8,0.0,2799
20000,7,Final,0,0,9.3,0.0,17605
30000,4,League,1,0,17.7,0.0,16560
50000,1,Cup,1,0,5.5,0.0,16512
10000,1,Cup,0,0,13.7,0.0,2570
10000,4,League,0,0,26.4,0.0,4352
30000,7,League,0,0,14.0,0.0,19099
50000,2,League,0,0,29.9,0.0,14112
5000,10,League,0,0,33.4,0.0,4248
10000,9,Final,1,0,26.9,0.0,11442
50000,1,International,1,0,13.3,0.0,33737
15000,3,League,0,0,8.3,0.0,4919
30000,10,Cup,0,0,10.5,0.0,27773
30000,2,League,0,0,22.9,12.8,1069
15000,7,League,0,0,22.3,0.0,10062
30000,9,Cup,0,0,13.6,0.0,26087
15000,2,League,1,0,29.1,0.0,6222
50000,6,League,1,0,5.9,0.0,35560
50000,1,League,0,0,11.8,0.0,11272
10000,5,League,0,0,34.8,0.0,4453
20000,7,League,0,0,10.2,0.0,13308
10000,10,League,0,0,30.8,0.0,8225
5000,6,Cup,0,0,32.1,0.0,3035
15000,1,League,1,0,21.3,13.8,947
20000,8,League,1,0,9.3,0.0,16262
10000,8,League,0,0,31.2,0.0,6925
5000,7,League,0,0,22.7,0.0,3350
20000,5,Final,0,0,32.7,0.0,14102
5000,5,League,0,0,15.3,0.0,2435
10000,4,League,0,0,34.1,0.0,3892
10000,10,League,1,0,17.9,12.5,6888
15000,6,League,1,0,28.9,0.0,10752
5000,10,International,0,0,6.7,0.0,5750
50000,7,League,0,0,11.0,0.0,32668
30000,7,League,0,0,25.4,5.0,14050
20000,1,Cup,0,0,17.2,0.0,4712
50000,10,International,0,0,19.8,0.0,56576
5000,1,League,1,0,6.6,0.0,1497
15000,8,League,1,0,21.4,0.0,13632
5000,4,League,0,0,19.6,0.0,2105
15000,6,League,0,0,15.0,0.0,8919
30000,10,League,0,0,20.2,13.3,16846
20000,1,League,0,0,9.1,0.0,3119
30000,5,Cup,0,0,11.3,4.5,10737
10000,4,International,1,0,29.4,0.0,8684
5000,2,Cup,1,0,33.2,0.0,2265
5000,1,League,0,0,32.0,1.0,336
10000,2,Cup,0,0,28.5,0.0,3301
10000,3,League,0,0,23.3,0.0,3718
50000,6,League,0,0,14.2,0.0,30642
20000,2,Cup,0,0,8.1,0.0,5050
15000,10,Cup,1,0,15.4,0.0,16814
5000,6,League,1,0,15.4,12.7,1870
50000,6,League,0,0,20.2,0.0,30112
50000,2,League,0,0,21.2,0.0,13046
15000,4,League,0,0,31.2,0.0,6115
15000,4,Final,0,0,24.7,2.2,7538
5000,7,International,0,0,16.8,14.8,3045
15000,3,League,1,0,5.5,10.7,1807
10000,3,League,1,0,12.7,0.0,5216
50000,8,League,0,0,29.4,0.0,36658
50000,4,League,0,0,7.0,0.0,19096
10000,8,League,0,0,33.4,0.0,6779
15000,8,League,0,0,6.8,0.0,10153
20000,7,League,0,0,8.5,8.4,5668
10000,7,Final,1,0,32.7,0.0,9912
30000,2,International,1,0,23.9,0.0,22272
30000,10,League,0,0,28.9,0.0,27447
10000,8,League,0,0,7.4,11.5,3481
10000,8,League,0,0,15.7,0.0,7666
10000,8,League,0,0,15.8,0.0,7346
5000,8,International,0,0,29.2,0.0,5310
50000,4,League,1,0,7.1,0.0,25484
20000,2,League,1,0,24.1,0.0,8890
10000,3,Cup,0,0,30.1,0.0,3525
30000,10,Cup,0,0,34.0,0.0,26760
20000,7,League,0,0,17.3,0.0,12945
50000,3,League,0,0,31.8,2.9,4793
10000,4,League,0,0,16.4,9.5,1034
50000,5,League,1,0,29.1,2.1,23966
10000,1,League,1,0,15.8,0.0,3547
5000,10,League,0,0,17.7,0.0,4487
15000,10,League,0,0,34.7,0.0,12564
10000,3,League,0,0,30.4,0.0,3328
30000,10,League,0,0,13.6,0.0,26025
15000,10,Cup,0,0,27.7,0.0,14286
5000,4,International,1,0,14.2,9.9,2802
5000,6,International,1,0,5.5,0.0,4982
20000,5,League,0,0,31.9,0.0,9081
20000,1,League,0,0,20.9,0.0,3611
5000,4,League,0,0,8.9,0.0,1864
10000,6,League,0,0,16.5,0.0,5876
15000,6,League,0,0,30.7,0.0,8301
5000,4,League,1,0,8.7,6.1,769
15000,3,League,1,0,22.9,0.0,7234
50000,6,League,0,0,27.4,10.1,10740
50000,6,League,0,0,12.7,0.0,30587
5000,5,League,0,1,28.1,0.0,3183
5000,3,League,0,0,31.7,0.0,1415
50000,4,Cup,0,0,12.9,0.0,24019
15000,8,Cup,1,0,20.0,0.0,14289
30000,6,League,1,0,26.4,0.0,22764
20000,8,League,0,1,22.8,0.0,17320
20000,1,International,0,0,28.1,0.0,9417
50000,8,League,0,0,24.8,0.0,35864
15000,10,League,0,0,27.3,0.0,13278
5000,6,League,0,0,33.5,0.0,2618
30000,2,League,1,0,24.7,0.0,12610
5000,10,Cup,1,0,14.6,0.0,5376
15000,9,International,0,0,34.6,0.0,16385
10000,3,Cup,0,0,23.0,5.6,300
50000,6,League,0,0,34.6,0.0,26134
50000,9,Cup,0,0,5.5,0.0,42091
10000,6,League,0,0,20.2,0.0,5946
10000,8,International,1,0,23.6,9.3,8628
15000,6,League,1,0,26.4,0.0,10711
10000,7,League,0,0,32.9,0.0,6150
20000,3,League,0,0,32.8,0.0,5776
15000,1,Cup,0,0,23.6,0.0,3446
15000,5,League,0,0,9.8,0.0,6908
5000,6,League,0,0,6.5,0.0,2530
10000,1,Cup,1,0,20.5,11.7,523
10000,7,League,1,0,32.3,0.0,7535
15000,7,League,0,0,29.5,0.0,9782
50000,4,League,0,0,17.1,0.0,22135
50000,8,League,0,0,17.6,0.0,37706
10000,3,Cup,0,0,16.2,0.0,3791
10000,2,League,0,0,7.0,0.0,2396
15000,1,League,1,0,30.1,5.8,995
10000,3,Cup,1,0,15.7,8.6,2160
30000,1,Cup,0,0,28.4,0.0,7290
20000,2,Cup,0,0,28.4,0.0,6321
20000,1,Cup,0,0,22.2,0.4,1403
5000,2,League,0,0,11.4,0.0,1327
15000,2,International,0,0,27.6,11.8,3840
50000,2,League,1,0,6.7,0.0,18792
5000,3,League,1,0,5.9,7.9,475
50000,4,League,0,0,27.0,0.0,20885
5000,9,Cup,0,0,32.6,0.0,4121
5000,8,Cup,0,0,27.2,0.0,3996
20000,9,League,0,0,24.6,0.0,16218
20000,3,League,0,0,31.4,0.0,5567
30000,7,Final,1,1,25.6,0.0,34500
10000,1,Cup,1,0,7.7,6.2,345
10000,10,Cup,0,0,29.1,0.0,9611
15000,5,League,0,0,28.2,0.0,7790
50000,9,League,0,0,15.3,0.0,42269
5000,4,League,0,0,31.2,0.0,1781
50000,7,Final,0,0,27.9,0.7,35776
10000,5,League,1,0,11.4,0.0,6738
30000,1,League,1,0,27.2,10.4,1360
10000,5,League,0,0,32.4,0.0,4552
5000,10,League,0,0,6.9,0.0,4149
30000,3,League,0,0,14.6,0.0,10256
15000,7,Cup,0,0,18.6,0.0,10905
15000,6,League,0,0,6.9,0.0,8304
30000,7,League,1,0,15.4,0.0,24826
10000,10,League,1,0,13.9,14.5,6992
50000,10,League,0,0,19.2,0.0,44993
15000,7,League,0,0,17.2,0.0,9481
15000,8,League,0,0,5.8,0.0,10238
30000,7,League,0,0,26.1,0.0,20178
50000,1,League,0,0,22.0,0.0,10473
30000,8,Final,1,0,14.2,0.3,28123
30000,6,International,1,0,29.7,0.0,30259
30000,5,International,0,0,30.5,0.0,22819
50000,3,League,0,0,20.8,0.0,17661
10000,5,League,0,0,17.0,0.0,5034
30000,2,League,0,0,12.5,0.0,8177
10000,2,Final,0,0,14.1,0.0,4984
20000,9,International,1,0,28.3,3.4,20880
10000,1,International,1,0,24.4,0.0,6451
50000,3,League,0,0,33.5,0.0,14200
10000,7,League,0,0,26.7,0.0,6819
30000,6,League,0,0,8.6,0.0,15711
10000,1,International,0,0,28.2,0.0,5090
20000,8,International,0,0,33.8,0.0,19574
30000,2,League,1,0,33.7,12.8,878
5000,10,Cup,1,0,18.4,0.0,5348
15000,1,League,0,0,14.6,6.9,579
30000,1,League,0,0,26.7,14.6,2198
15000,3,League,0,0,20.6,0.0,5458
20000,3,Cup,0,0,12.4,0.0,7644
15000,8,League,0,0,6.5,0.0,10593
10000,7,League,1,0,15.2,14.3,4584
20000,10,Cup,1,0,19.9,6.4,15372
15000,5,International,0,0,10.9,0.0,11850
10000,10,International,0,0,10.4,0.0,11334
50000,1,League,0,0,26.2,0.0,9504
5000,8,League,0,0,24.6,0.0,3598
50000,10,Cup,0,0,9.8,0.0,43761
50000,1,League,1,0,12.3,12.1,2470
15000,1,Final,1,0,27.8,0.0,8748
50000,1,Final,0,0,23.3,0.0,21571
5000,2,League,0,0,27.7,0.0,1275
30000,5,League,0,0,10.3,0.0,15572
30000,5,Cup,0,0,25.8,0.0,17478
30000,2,International,0,0,12.0,0.0,16522
10000,3,League,1,0,7.0,0.0,4799
30000,5,International,1,0,14.1,0.0,28739
20000,5,League,0,0,20.8,0.0,10757
30000,9,Final,0,0,21.3,7.2,21673
20000,2,League,0,0,34.1,0.0,4343
50000,2,League,0,0,15.4,0.0,13293
15000,7,League,0,0,14.8,14.8,4393
20000,1,Cup,1,0,33.2,0.0,7431
20000,4,League,1,0,14.0,5.0,7828
5000,4,International,0,0,28.8,0.0,3640
15000,4,League,0,0,27.0,0.0,6814
15000,9,League,0,0,22.0,0.0,12579
30000,8,International,0,0,17.8,6.3,20147
30000,8,League,0,0,34.9,7.1,9991
15000,5,Cup,1,0,19.9,2.6,7224
5000,3,League,1,0,32.5,0.0,2203
5000,8,League,0,0,33.8,1.4,2485
15000,4,Cup,0,0,34.6,0.0,6654
5000,5,Cup,0,0,10.2,0.0,2830
10000,6,League,0,0,28.5,0.0,6055
30000,1,League,0,0,32.5,0.0,3645
20000,4,League,1,0,27.8,0.0,12130
5000,2,League,1,0,7.9,0.0,1916
20000,8,League,0,0,24.5,0.0,14336
15000,6,League,0,0,17.0,0.0,8587
5000,5,League,0,0,10.7,0.0,2424
50000,6,League,0,0,14.0,0.0,28107
50000,5,League,0,0,21.8,0.0,25095
15000,5,Cup,1,0,33.4,7.7,4548
20000,3,International,1,1,7.3,0.0,16489
20000,1,League,0,0,15.7,0.0,4336
5000,9,League,0,0,17.3,0.0,4185
15000,4,League,0,0,6.3,0.0,5628
15000,8,Cup,0,0,34.0,0.0,11230
5000,10,Cup,0,0,8.7,0.0,4450
30000,5,League,1,0,15.1,0.0,19354
5000,10,International,1,0,29.9,0.0,5649
50000,9,League,0,0,26.9,0.0,40711
20000,3,Cup,0,0,22.2,0.0,8043
50000,10,Cup,0,0,24.9,0.0,47485
15000,3,League,0,0,28.1,0.0,5004
15000,1,League,0,0,11.8,0.0,3168
20000,9,League,1,0,14.5,0.0,19093
50000,3,Cup,1,0,5.1,0.0,25782
30000,2,League,0,0,28.8,0.0,8859
15000,1,League,0,0,21.2,0.0,2621
30000,2,League,0,0,17.9,0.0,7488
20000,7,League,0,0,23.1,11.6,5913
30000,6,League,0,0,14.6,14.7,7470
15000,3,League,1,0,6.5,0.0,6940
15000,6,Cup,1,0,5.3,7.8,5485
5000,3,League,0,0,8.8,0.0,1648
20000,4,League,0,0,29.2,0.0,8953
10000,9,Cup,0,0,14.9,0.0,8745
50000,5,League,0,0,10.4,0.0,25887
15000,6,League,0,0,12.2,0.0,8414
30000,8,League,1,0,9.7,0.0,24864
50000,5,League,1,0,25.5,0.0,32858
5000,5,League,0,0,29.4,9.9,862
30000,4,League,0,0,21.5,0.0,13296
30000,7,League,0,0,6.7,0.0,18982
5000,6,League,0,0,10.9,0.0,3043
5000,5,League,0,0,22.2,1.4,1428
30000,8,League,1,0,7.8,3.2,18389
20000,3,League,1,0,21.7,0.0,10672
5000,9,League,0,0,6.5,0.0,3852
30000,10,League,0,0,12.2,0.0,27123
10000,9,Cup,0,0,8.9,0.0,8065
50000,5,League,0,0,24.8,0.0,24592
30000,8,League,0,1,14.9,0.0,24661
15000,8,League,1,0,6.5,7.6,7098
50000,9,League,1,0,8.2,0.0,44593
30000,1,International,0,0,20.0,0.0,15562
20000,3,League,0,0,9.5,0.0,5951
20000,3,League,0,0,22.7,7.0,1357
50000,6,Final,0,0,18.7,0.0,41089
30000,10,League,0,0,27.2,0.0,26197
10000,1,Final,1,0,15.8,0.0,6147
15000,6,League,1,0,11.1,2.7,7865
30000,8,League,0,0,15.4,0.0,21885
30000,10,Cup,0,0,10.1,0.0,27643
20000,10,Cup,0,0,24.5,0.0,19390
30000,4,League,0,0,9.9,0.0,11119
5000,7,League,0,0,34.7,0.0,3148
50000,5,League,1,0,6.6,0.0,30810
10000,5,League,1,0,12.9,0.0,6596
30000,5,League,0,0,21.2,0.0,15489
20000,7,League,0,0,15.4,0.0,13363
5000,10,League,0,0,20.0,0.0,4420
50000,2,League,0,0,15.0,0.0,13715
10000,7,International,0,0,15.3,0.0,9359
15000,8,League,1,0,33.4,0.0,12959
20000,4,League,1,0,10.2,0.0,11122
5000,2,Cup,0,0,22.8,2.7,666
50000,6,Final,0,0,26.6,0.0,41864
20000,2,League,0,0,10.9,0.0,5252
30000,3,International,0,0,24.9,0.6,12940
30000,10,League,0,0,23.3,8.7,17046
20000,7,Cup,1,0,9.2,0.0,16777
30000,1,Cup,1,0,14.4,6.5,710
50000,9,League,0,0,23.4,14.1,24683
5000,9,League,0,0,10.4,5.4,2293
20000,5,Cup,0,0,16.6,13.0,3773
10000,4,Cup,0,0,11.4,0.0,4643
50000,2,League,0,0,12.1,0.0,12599
50000,8,League,1,0,12.4,11.3,26119
15000,2,League,1,0,29.9,13.6,1369
10000,10,League,0,0,18.5,0.0,8708
50000,3,League,0,0,28.8,5.9,1065
20000,6,Cup,0,0,31.6,0.0,11171
15000,4,International,0,0,18.1,9.3,5856
5000,8,League,0,0,7.0,0.0,3438
20000,2,League,1,0,17.9,0.0,8205
15000,2,Cup,1,0,6.1,0.0,6543
5000,3,League,0,0,33.5,0.0,1604
10000,8,League,0,0,13.6,0.0,7508
20000,9,League,0,0,6.6,0.8,11318
30000,6,League,0,0,24.4,0.0,16687
10000,5,International,0,0,18.7,0.0,8110
15000,6,League,1,0,19.2,2.6,7688
15000,5,League,1,0,13.3,0.0,10297
30000,8,League,0,0,14.7,0.0,21733
50000,6,League,0,0,32.1,0.0,26731
10000,10,Final,0,0,10.3,0.0,11386
30000,10,League,0,0,27.7,4.4,20909
10000,2,League,0,0,24.6,0.0,2978
20000,2,League,1,0,25.8,0.0,8551
15000,4,League,1,0,33.5,0.0,8137
30000,5,Cup,0,0,6.0,7.5,5465
30000,8,League,0,0,14.4,0.0,22974
15000,4,League,0,0,7.5,0.0,6055
30000,9,League,0,0,29.5,7.1,14348
15000,10,League,0,0,30.1,0.0,12718
5000,7,League,1,0,31.4,1.7,2890
10000,4,League,1,0,18.7,0.5,3761
10000,7,Cup,0,0,26.4,0.0,7375
30000,9,League,0,0,28.3,0.0,24958
15000,2,Cup,0,0,29.5,0.0,4807
30000,1,International,0,1,28.6,0.0,17513
20000,8,League,0,0,10.2,0.0,14775
50000,9,League,1,0,26.3,0.0,48672
5000,4,League,1,0,27.4,0.0,3028
50000,9,League,0,1,23.0,0.0,44631
30000,7,Cup,0,0,19.7,0.0,21321
30000,1,International,0,1,34.3,0.0,15984
50000,5,League,0,0,28.2,0.0,24744
10000,9,League,0,0,6.4,0.6,5621
20000,1,International,1,0,28.4,1.0,8999
20000,8,League,1,0,19.7,0.0,18313
50000,1,League,0,0,21.1,0.0,9936
10000,3,International,0,0,29.4,0.0,6407
5000,5,League,0,0,22.8,0.0,2679
50000,7,League,0,0,9.6,0.0,31407
30000,10,League,0,0,30.3,0.0,25916
15000,4,Cup,1,0,9.7,1.8,6064
50000,5,League,1,0,14.8,0.0,33215
20000,6,League,0,0,6.1,0.0,10220
15000,9,League,0,0,29.5,0.0,12411
5000,8,League,0,0,22.7,0.0,3721
10000,10,League,0,0,31.6,5.0,6294
15000,6,International,0,0,25.3,14.2,8435
10000,3,Cup,1,0,5.0,0.0,4839
50000,7,League,1,0,8.3,0.0,39197
50000,7,League,0,0,15.7,0.0,34259
20000,3,League,0,0,14.2,0.0,7460
20000,3,League,0,0,21.2,0.0,6728
10000,7,League,0,0,12.8,0.0,6428
50000,1,League,0,1,26.1,12.1,3777
30000,6,League,1,0,33.6,0.0,21229
15000,2,Cup,1,0,17.0,0.0,7285
50000,4,League,0,0,29.5,14.1,4563
50000,5,League,0,0,10.4,0.0,24968
10000,4,League,0,0,16.3,8.2,1009
50000,9,Final,0,0,25.4,0.0,53755
10000,9,League,0,0,12.8,0.0,8307
30000,4,League,1,0,24.4,0.0,18292
15000,8,International,1,0,11.1,0.0,17250
20000,10,League,0,0,27.5,0.0,17525
20000,3,League,0,0,21.1,0.0,7282
20000,9,Cup,0,0,23.9,0.0,17290
5000,3,Cup,0,0,14.4,0.0,2153
5000,5,International,0,0,14.3,0.0,4133
15000,7,League,1,0,18.8,0.0,12473
50000,4,League,1,0,19.5,0.0,29614
15000,8,League,0,0,30.9,6.2,5436
30000,9,League,0,0,30.1,0.0,22373
20000,3,League,0,0,20.2,0.0,7338
10000,7,League,0,0,33.1,0.0,6384
20000,4,Cup,0,0,24.7,0.0,9994
10000,1,League,1,0,11.2,5.4,313
50000,8,International,1,0,15.8,0.0,57414
50000,9,League,0,0,7.3,2.3,27766
30000,8,League,0,0,24.0,0.0,22902
10000,4,League,0,0,6.9,0.0,3938
10000,5,League,0,0,16.5,0.0,4966
30000,7,League,0,0,26.5,0.0,19480
20000,8,League,1,0,26.0,10.5,10717
10000,3,League,1,0,11.4,0.0,5182
50000,3,League,0,0,6.7,0.0,13831
5000,8,International,0,0,13.5,7.5,3490
50000,8,League,0,0,10.0,0.0,38134
15000,10,League,0,0,30.9,0.0,12369
10000,5,League,0,0,25.6,0.0,5353
15000,1,Final,1,0,9.2,0.0,8522
20000,7,League,1,0,30.4,0.0,15760
20000,5,Cup,0,0,7.8,0.0,9603
50000,5,League,0,0,15.1,0.0,26777
10000,2,League,0,0,34.0,0.0,2391
20000,5,League,0,0,19.1,0.0,10487
30000,3,League,0,0,8.0,0.0,9334
5000,5,League,1,0,9.1,0.0,3041
5000,1,League,1,0,12.7,0.0,1672
30000,9,League,0,0,33.4,0.0,22908
5000,8,League,0,0,16.2,0.0,3726
30000,10,League,0,0,9.7,0.0,24660
30000,7,Cup,0,0,13.4,13.6,9975
5000,2,Cup,0,0,11.6,0.0,1525
15000,3,League,1,0,19.5,0.0,7189
30000,9,League,1,0,24.8,0.0,29295
15000,6,League,0,0,32.0,0.0,8197
50000,3,League,0,0,7.9,0.0,13873
50000,4,League,0,0,33.6,0.0,17568
50000,4,League,0,0,31.3,0.0,18846
50000,5,Cup,0,0,23.6,0.0,28255
10000,9,International,1,0,27.6,0.0,11375
50000,5,League,1,0,15.2,0.0,34324
50000,3,League,0,0,15.0,0.0,18979
10000,2,League,0,0,23.4,0.0,2771
15000,4,League,0,0,28.2,6.0,1403
30000,7,Cup,0,0,34.0,0.0,19283
5000,6,Final,0,0,15.1,0.0,4211
30000,6,League,1,0,22.9,0.0,21848
10000,3,League,0,0,15.9,0.0,3472
5000,8,League,0,0,32.5,0.0,3418
20000,1,League,0,0,26.5,0.0,3834
50000,5,League,0,0,11.2,14.0,9332
10000,2,International,0,0,13.1,0.0,5716
50000,3,League,1,0,22.9,0.0,25677
5000,4,League,1,0,18.9,0.0,2922
5000,1,International,0,0,8.0,0.0,2278
30000,4,Cup,0,0,21.3,0.0,14753
15000,3,League,0,0,24.9,0.0,5004
50000,5,League,0,1,32.4,0.0,27102
15000,1,League,0,0,19.7,0.0,3382
20000,10,League,1,0,6.8,0.0,19861
15000,8,Cup,1,0,10.4,0.0,14509
50000,2,League,0,0,16.5,1.2,2907
10000,3,League,0,0,19.2,7.8,606
5000,5,League,0,0,29.0,0.0,2680
50000,6,League,0,0,28.7,0.0,27896
15000,9,League,0,0,10.4,0.0,12543
5000,9,International,1,0,25.4,0.0,5645
30000,6,International,1,0,34.2,5.3,18734
50000,3,League,0,0,14.8,0.0,19192
10000,10,League,0,0,10.6,0.0,9026
10000,5,League,0,0,29.2,0.0,5176
20000,7,League,0,0,12.7,0.0,13258
10000,3,League,0,0,12.3,0.0,3825
20000,9,League,1,0,19.1,0.0,19314
20000,6,League,1,0,16.3,0.0,14825
10000,2,League,0,0,8.1,0.0,2220
15000,1,League,0,0,32.8,9.0,548
30000,10,Final,0,0,28.5,5.2,23352
10000,5,League,0,0,20.7,0.0,5125
5000,4,League,0,0,17.3,0.0,2209
20000,1,League,1,0,24.4,0.0,6945
10000,4,League,1,0,26.6,0.0,5695
5000,9,Final,0,0,17.7,0.0,5462
30000,4,Cup,0,0,21.5,0.0,14342
15000,2,League,0,0,15.8,0.0,3744
10000,4,League,0,0,16.7,8.4,835
15000,9,League,0,0,16.1,0.0,11880
50000,1,League,1,0,28.7,0.0,16309
10000,1,League,1,0,12.0,0.0,3674
20000,4,League,0,0,28.5,0.0,8588
20000,8,International,0,0,5.6,2.4,15938
20000,6,International,0,0,23.2,0.0,17225
30000,8,League,0,0,5.6,0.0,21074
50000,5,League,0,0,14.1,0.0,25780
5000,8,League,1,0,25.6,0.0,4378
50000,4,International,1,0,29.9,0.0,44178
10000,10,League,0,0,16.5,0.0,9137
15000,10,League,0,0,12.9,0.0,13827
30000,8,League,0,0,30.9,0.0,20979
30000,8,League,0,0,15.2,0.0,22070
5000,4,League,0,0,35.0,0.0,1765
20000,5,League,1,0,17.5,0.0,12578
15000,2,Cup,1,0,31.4,0.0,6383
30000,4,League,0,0,9.0,0.0,10727
5000,5,League,0,0,27.0,0.0,2419
20000,1,International,0,0,18.0,0.0,10442
20000,1,League,0,0,15.3,5.3,1543
10000,5,Cup,0,0,33.4,0.0,4810
5000,7,League,1,0,17.2,0.0,4146
5000,3,League,1,0,17.1,0.0,2474
30000,6,Cup,0,0,24.0,0.0,19837
15000,3,League,0,0,8.7,0.0,4954
30000,4,League,0,0,11.9,0.0,12905
15000,6,League,0,0,30.0,0.0,8942
5000,9,League,0,0,30.6,0.0,3963
10000,7,Cup,1,0,12.8,0.0,8437
50000,7,International,1,0,29.8,0.0,55229
15000,7,League,0,0,23.0,5.2,4762
5000,5,League,0,0,19.6,12.2,748
50000,2,League,0,0,33.6,0.0,11188
50000,5,League,0,0,31.0,0.0,21442
15000,4,League,0,0,20.6,0.0,6831
10000,6,League,1,0,10.5,0.0,7498
30000,5,League,1,0,24.6,0.0,20247
15000,5,League,0,0,22.4,0.0,8002
30000,7,League,0,0,15.2,0.0,19282
10000,7,League,0,0,30.0,0.0,6548
20000,2,League,0,0,33.1,0.0,4871
50000,3,Cup,0,0,22.9,0.0,19103
10000,3,League,1,0,13.8,0.0,4971
10000,4,League,1,0,20.3,0.0,5741
10000,1,League,0,0,32.7,0.0,1733
20000,8,League,0,0,32.7,0.0,13530
50000,5,League,0,0,27.8,0.0,25875
30000,3,League,0,0,8.9,0.0,8691
10000,10,League,0,0,8.2,0.0,8397
20000,5,Cup,1,0,21.5,10.8,7477
15000,8,International,1,0,31.1,0.0,17147
15000,3,League,0,0,11.2,0.0,5635
30000,3,League,0,0,31.2,0.0,8520
5000,5,League,0,0,18.6,0.0,2394
5000,1,League,0,0,19.2,0.0,900
50000,4,League,0,0,33.9,0.0,19276
20000,5,International,1,0,6.8,0.0,18611
50000,10,League,1,0,19.6,0.0,50822
5000,5,League,0,0,22.1,0.0,2456
15000,7,Cup,0,0,15.2,0.0,10420
15000,8,League,0,0,30.5,0.0,10207
10000,5,League,0,0,33.5,0.0,4631
30000,1,League,0,0,10.2,0.0,5389
50000,5,League,1,0,33.1,1.1,20815
10000,6,League,1,0,18.3,0.0,7145
50000,5,League,0,0,22.6,0.0,24255
50000,5,Cup,0,0,12.4,0.0,27949
50000,10,League,0,0,7.9,0.0,43068
30000,8,League,0,0,6.1,0.0,20809
15000,1,League,0,0,29.6,0.0,3341
20000,7,League,1,0,34.2,0.0,14833
30000,1,League,1,0,33.6,0.0,8924
10000,5,League,0,0,7.2,13.6,1126
20000,2,League,0,0,32.0,0.0,3979
15000,4,League,0,0,6.0,0.0,5508
10000,9,Cup,0,0,25.6,0.0,8870
5000,6,League,0,0,25.9,0.0,2841
5000,6,League,1,0,9.6,2.3,2380
5000,1,League,1,0,6.8,0.0,1436
10000,10,League,0,0,18.6,0.0,9020
20000,3,League,0,0,33.0,0.0,5514
10000,5,League,0,0,12.8,0.0,5298
30000,4,League,0,0,28.9,0.0,12623
5000,10,International,0,0,30.6,0.0,5713
30000,8,League,1,0,6.3,0.0,25493
10000,7,League,1,0,19.7,0.0,8231
10000,10,League,0,0,19.2,0.0,8974
20000,7,League,0,0,32.4,12.4,5570
30000,7,League,0,0,16.8,11.1,9152
5000,5,Final,0,0,22.8,0.0,3837
5000,4,League,0,0,26.1,0.0,2128
30000,8,League,1,0,7.0,0.0,24560
50000,4,League,1,0,24.3,0.0,30019
30000,3,International,0,0,28.3,0.0,19923
15000,9,League,0,0,5.7,0.0,11843
20000,3,League,0,0,10.6,0.0,6695
5000,3,League,0,0,23.7,0.0,1868
10000,3,International,0,0,5.5,0.0,6108
5000,2,League,1,0,10.6,0.0,2107
10000,4,League,1,0,29.6,0.0,5674
50000,5,League,0,0,20.3,0.0,24126
5000,8,League,0,0,9.6,0.0,3439
15000,2,League,0,0,24.0,0.0,3937
15000,7,Cup,0,0,8.2,0.0,9929
30000,2,League,0,0,17.8,0.0,7814
20000,6,League,1,0,32.8,0.0,13165
30000,8,Cup,1,0,23.3,0.0,28787
5000,7,League,0,0,6.6,0.0,3027
50000,7,International,0,0,17.8,0.0,48785
15000,10,Cup,0,0,19.6,0.0,14509
30000,7,League,0,0,6.4,0.0,17768
10000,4,League,0,0,27.5,0.0,4444
30000,2,International,1,0,26.6,0.0,22143
30000,5,Cup,1,0,11.2,0.0,21038
30000,10,League,0,0,5.0,0.0,24863
15000,5,League,0,0,19.8,0.0,7672
30000,2,League,0,0,26.1,2.1,1422
20000,8,League,0,0,24.6,0.0,14864
50000,7,Cup,0,0,29.7,11.7,17484
50000,9,International,1,0,20.2,9.0,46223
50000,1,League,1,0,20.0,0.0,18390
5000,8,League,0,0,29.5,0.0,3708
20000,2,League,0,0,8.0,0.0,4180
20000,7,League,0,0,20.1,0.0,13538
5000,6,League,0,0,25.5,0.0,2988
20000,4,League,0,0,15.8,0.0,8188
5000,3,League,1,0,27.8,0.0,2521
30000,7,League,1,0,5.0,14.7,12786
10000,5,League,0,0,14.6,0.0,5210
5000,7,League,0,0,30.8,0.0,2977
10000,7,International,0,0,25.6,7.0,5899
5000,8,Cup,0,0,6.0,0.0,3566
20000,9,League,0,0,33.4,0.0,15499
5000,10,Cup,1,0,6.5,0.0,5308
30000,7,International,1,0,18.8,1.6,27599
10000,4,League,0,0,12.4,0.0,4279
5000,9,League,0,0,26.4,0.0,3949
15000,9,Final,0,0,19.7,0.0,16330
50000,1,League,0,0,5.3,0.0,6260
30000,6,League,0,1,8.9,0.0,19556
15000,8,Final,1,0,15.0,0.0,17120
5000,9,League,1,0,14.6,0.0,4685
5000,3,Cup,0,0,25.0,0.0,2040
10000,7,League,0,1,31.4,0.0,7361
10000,6,Cup,0,0,7.5,0.0,5683
5000,4,League,0,0,33.2,0.0,1823
20000,2,Cup,0,0,21.3,0.0,6166
10000,5,League,1,0,10.6,0.0,6659
10000,8,International,1,0,24.2,7.9,8402
10000,8,Cup,0,0,7.5,0.0,7132
15000,2,Final,0,0,6.4,0.0,6804
20000,5,League,0,0,17.7,0.0,10290
10000,10,League,0,0,28.5,0.0,8803
5000,10,Final,0,0,31.6,0.0,5427
30000,10,International,1,0,31.0,10.4,28977
5000,6,Final,1,0,12.5,5.3,3108
30000,9,League,0,0,12.5,11.0,13822
20000,3,League,0,0,19.5,0.0,7081
50000,10,Cup,0,0,16.5,8.1,29123
10000,8,Cup,0,0,16.6,0.0,7808
10000,6,League,0,0,8.3,0.0,5237
50000,5,League,1,0,9.2,0.0,29328
10000,2,Cup,1,0,19.7,0.0,4649
15000,9,International,0,0,24.1,0.0,17140
20000,8,Cup,0,0,24.8,0.0,16016
15000,10,League,0,1,15.0,0.0,14908
30000,10,League,0,0,8.6,0.0,25823
15000,10,League,0,0,32.9,0.0,12852
20000,9,League,1,0,32.6,0.0,18487
20000,5,League,1,0,19.5,0.0,13743
10000,9,Cup,0,0,34.7,0.0,7909
20000,3,League,0,0,27.8,0.0,7096
10000,2,League,0,0,9.6,0.0,2554
30000,6,League,0,0,18.3,0.0,18385
5000,5,League,0,0,12.7,0.0,2646
10000,7,League,1,0,10.0,0.0,8285
5000,10,League,1,0,9.2,0.0,4863
10000,2,League,0,0,32.5,0.0,2361
5000,8,League,0,0,25.9,0.0,3681
5000,2,Final,0,0,5.7,11.0,678
20000,6,League,0,0,5.4,0.3,6249
30000,1,League,0,0,13.0,0.0,6035
30000,2,Final,1,0,5.8,0.0,18610
50000,2,League,1,0,29.2,0.0,21626
30000,10,League,0,0,16.2,0.0,26583
15000,9,League,0,0,18.9,0.0,12380
15000,4,League,0,0,29.4,0.0,6097
5000,5,League,0,0,6.4,0.0,2272
30000,5,League,0,0,32.2,0.0,14326
10000,2,Cup,1,0,21.5,0.0,5014
10000,10,Final,1,0,30.9,0.0,11213
20000,4,League,0,0,17.3,0.0,9166
10000,4,Final,0,0,25.3,12.8,3539
5000,9,League,0,0,33.6,5.0,2910
15000,7,League,0,0,31.0,0.0,8827
20000,5,League,0,0,17.7,0.0,10212
15000,4,League,1,0,33.6,0.0,8118
15000,7,League,1,0,8.1,2.0,8719
50000,7,League,0,0,16.2,0.0,34507
10000,4,International,0,0,5.2,0.0,6798
5000,7,League,0,0,28.7,0.0,3414
50000,9,International,0,0,13.0,0.0,56758
15000,1,Final,0,0,16.3,0.0,6372
50000,9,Cup,1,0,25.9,14.3,34068
20000,3,Cup,1,0,20.9,4.9,7171
30000,7,League,0,0,34.4,0.0,18940
50000,4,International,0,0,34.8,0.0,34745
50000,5,League,0,0,8.7,2.2,12947
5000,9,League,0,0,6.7,0.0,3930
10000,8,League,0,0,10.9,0.0,7652
50000,10,League,1,0,34.4,0.0,50501
20000,2,League,1,0,34.6,0.0,7141
50000,1,League,0,0,33.3,0.0,7771
15000,4,League,0,0,15.2,8.4,1284
30000,5,International,0,1,32.7,5.8,15953
20000,1,League,0,0,5.0,0.0,2970
50000,10,Final,0,0,17.4,0.5,47934
10000,4,League,1,0,33.3,0.0,5311
30000,1,Cup,1,0,13.0,0.0,12655
15000,7,League,0,0,6.6,0.0,9473
15000,3,Final,0,0,8.3,11.0,3506
30000,2,League,0,0,21.0,0.0,7442
50000,7,League,0,0,16.8,0.0,34524
50000,1,League,0,0,14.0,0.0,9284
50000,5,League,1,0,16.7,0.0,33686
20000,7,Cup,1,0,25.2,0.0,17323
30000,6,Cup,0,0,20.2,6.8,9341
30000,8,Cup,0,0,14.4,0.0,23293
20000,10,League,0,0,5.7,0.0,16278
30000,1,League,0,0,6.5,0.0,5180
15000,5,League,0,0,21.6,0.0,7902
5000,6,Final,1,0,10.6,0.0,5055
15000,7,League,1,0,24.3,0.0,11836
20000,7,Cup,0,0,5.7,0.0,13723
10000,4,League,0,0,19.2,0.0,4399
50000,8,Cup,0,0,27.9,0.0,38113
50000,7,League,0,0,26.0,5.2,16820
15000,6,League,0,0,22.0,0.0,9193
30000,7,International,1,0,19.8,12.4,23702
15000,6,League,1,0,17.7,8.2,6149
30000,3,League,0,0,27.2,0.0,10438
50000,9,League,0,0,20.6,0.0,40798
50000,7,League,0,0,7.7,0.0,30277
5000,10,League,0,0,25.6,0.0,4353
20000,9,League,0,0,34.8,0.0,15056
20000,1,Cup,1,0,14.2,0.0,7950
50000,1,League,1,0,34.8,0.0,14348
5000,2,League,0,0,11.0,8.7,186
20000,9,League,0,0,8.4,0.0,15436
20000,6,League,0,0,17.4,0.0,11941
10000,2,Cup,0,0,29.6,0.0,3031
30000,1,League,0,0,21.8,0.0,6795
50000,10,League,1,0,9.1,0.0,50258
30000,5,Cup,1,0,27.8,0.0,22086
30000,1,League,0,0,18.6,0.0,5393
5000,7,League,0,0,12.9,0.0,3254
50000,7,League,0,1,18.2,0.0,37607
5000,1,Cup,0,0,20.8,0.0,1390
5000,3,League,0,1,31.8,9.8,393
30000,7,League,1,0,15.0,0.0,23639
20000,6,League,1,0,32.5,0.0,13773
30000,5,League,0,0,10.4,0.0,14395
10000,2,League,0,0,27.0,0.0,2623
50000,7,League,0,0,30.9,0.0,31071
10000,10,League,0,0,30.7,0.0,8252
10000,2,League,0,0,15.1,0.0,2571
50000,2,League,1,0,29.0,0.0,21877
50000,3,Cup,1,0,21.9,0.0,26916
15000,7,League,0,0,5.2,0.0,8928
50000,2,League,0,1,7.6,0.0,16549
10000,5,International,0,0,24.0,11.9,4786
10000,1,League,0,0,34.1,0.0,1636
50000,7,Cup,0,0,13.4,0.0,35320
20000,10,League,1,0,34.6,0.0,20027
15000,2,League,1,0,9.5,0.0,5331
30000,2,Final,0,0,9.5,0.0,15038
15000,6,Cup,0,0,11.4,0.0,9950
5000,2,Cup,0,0,14.3,3.4,623
50000,10,League,0,0,24.4,0.0,44845
20000,2,League,0,0,31.1,0.0,3967
5000,9,League,1,0,10.8,11.4,3019
20000,1,League,1,0,23.8,0.0,7140
10000,10,League,0,0,19.3,0.0,9037
5000,9,League,0,0,15.5,0.0,4130
20000,1,League,0,0,25.7,0.0,3759
15000,7,League,0,1,7.9,11.0,5030
20000,8,League,0,0,14.0,0.0,14879
5000,7,League,1,0,15.4,0.5,3025
10000,9,League,1,0,16.6,0.0,9761
20000,10,Cup,0,0,30.3,0.0,18023
20000,6,International,0,0,10.9,0.0,17540
50000,2,League,0,0,14.2,0.0,13843
10000,10,League,0,0,13.6,0.0,8716
50000,7,Final,0,0,10.9,0.0,47061
5000,2,League,1,0,14.9,0.0,2172
5000,6,League,1,0,32.2,12.5,1734
30000,5,League,0,0,22.7,10.1,4880
50000,1,International,0,0,29.0,12.4,8771
20000,4,International,0,0,15.8,0.0,14936
15000,5,League,0,0,18.5,5.2,2781
15000,5,League,0,0,16.1,8.7,2312
20000,7,League,1,0,19.2,0.0,15686
10000,1,League,1,1,27.4,0.0,4336
5000,1,League,0,0,9.7,9.7,282
30000,4,League,0,0,29.1,0.0,12482
50000,6,Cup,0,0,5.2,0.0,29586
30000,1,League,0,0,16.3,0.0,5761
20000,5,League,0,0,23.2,14.8,2733
50000,3,League,1,0,32.6,0.0,21427
10000,7,League,1,0,25.7,10.9,4378
30000,9,International,0,0,24.5,0.0,33680
15000,9,Cup,0,0,11.0,0.0,13160
15000,1,League,0,0,6.8,0.0,2091
20000,5,League,0,0,18.5,8.8,2667
15000,5,League,0,0,34.5,0.0,6498
15000,3,League,1,0,28.7,0.0,7642
10000,10,Cup,1,0,28.4,0.0,11082
15000,4,League,0,0,30.3,2.2,3081
5000,5,League,0,0,14.7,0.0,2487
10000,1,League,0,0,21.0,0.0,1922
50000,6,Final,0,0,33.3,0.0,38385
5000,7,League,0,0,29.9,0.0,3244
50000,9,League,1,0,26.8,6.5,31370
20000,4,League,1,0,13.3,0.0,11267
15000,9,League,0,0,9.9,0.0,11806
5000,6,League,0,0,30.8,0.0,2642
5000,9,International,0,0,26.8,0.0,5504
20000,1,League,0,0,5.8,0.0,3249
15000,1,League,0,0,6.1,13.6,1033
15000,5,Final,1,0,26.5,0.0,13769
20000,2,League,1,0,30.3,0.0,7151
15000,5,League,0,0,25.3,0.0,7949
50000,1,Final,0,0,27.2,0.0,22653
20000,9,International,0,0,28.4,2.4,18294
20000,4,League,0,0,14.4,0.0,9028
20000,5,League,0,0,15.8,0.0,9894
50000,7,League,1,0,13.2,0.0,40287
30000,3,League,1,0,13.9,0.0,15914
15000,10,League,0,0,9.2,0.7,9938
10000,5,League,0,0,6.3,9.3,862
15000,4,League,0,0,33.5,7.1,1129
30000,4,International,0,0,24.1,0.0,22707
15000,6,League,0,0,23.9,0.0,8483
20000,8,League,1,0,27.0,0.0,18202
5000,7,League,1,0,18.8,0.0,4004
15000,2,Final,0,0,19.5,0.0,7700
30000,4,League,0,0,5.1,0.0,10892
15000,6,League,0,0,25.0,0.0,8349
10000,5,League,0,0,14.1,0.0,5019
50000,1,League,0,0,18.5,0.0,10321
15000,1,League,1,0,26.6,0.0,5039
5000,4,League,1,0,8.7,0.0,2637
10000,1,Cup,0,0,7.3,3.7,798
10000,3,Cup,0,0,9.7,0.0,3322
5000,9,Final,0,0,32.2,0.0,5104
50000,8,Final,0,0,16.6,0.0,48825
15000,1,International,0,0,6.7,0.0,6962
20000,8,League,1,0,11.7,0.0,18257
20000,1,League,1,0,19.7,7.8,476
30000,2,League,0,0,10.0,9.7,1738
30000,8,League,0,0,20.6,0.0,22405
20000,6,League,0,0,23.9,0.0,11761
50000,6,Final,0,0,16.9,0.0,41077
5000,2,League,0,0,24.9,14.6,312
20000,2,League,1,0,18.6,0.0,8463
30000,10,International,1,0,17.9,0.0,34500
50000,10,League,0,0,21.7,0.0,44704
50000,1,Cup,0,0,19.1,0.0,11133
15000,3,League,0,0,30.7,0.0,4406
30000,4,League,0,0,5.5,0.0,10945
20000,10,Final,0,0,11.4,9.8,15411
30000,3,International,1,0,13.5,0.0,24038
10000,10,League,1,0,11.6,0.0,10148
50000,3,League,0,0,6.4,0.0,16325
10000,9,International,0,0,31.6,5.5,7257
30000,2,International,0,0,30.9,0.0,15807
10000,3,International,0,0,25.2,0.0,6715
10000,10,International,0,0,18.9,0.0,11260
50000,8,League,1,0,26.2,6.2,26377
50000,1,League,1,0,15.8,0.0,16032
15000,3,League,0,0,14.2,0.0,5577
5000,5,Cup,0,0,26.6,0.0,2906
5000,8,League,0,0,20.3,0.0,3559
15000,2,League,0,0,24.2,0.0,4217
50000,2,International,0,0,34.7,0.0,26122
30000,10,League,1,0,34.5,0.0,29143
30000,6,League,1,0,21.4,0.0,22935
5000,4,League,0,0,23.9,0.0,2035
15000,4,League,0,0,17.2,5.4,1409
20000,8,League,0,0,13.1,0.0,14273
30000,1,League,0,0,30.4,0.0,3614
15000,1,League,0,0,19.3,0.0,3045
20000,2,League,1,0,23.5,11.1,1967
50000,4,League,1,0,25.1,14.8,11501
5000,7,International,0,1,11.0,0.0,5373
50000,9,International,0,0,33.3,0.0,52206
10000,4,Cup,0,0,5.5,13.6,657
10000,5,Cup,0,0,27.7,0.0,5869
10000,10,International,0,0,16.4,9.7,8485
5000,8,League,1,0,14.3,0.0,4347
15000,2,League,1,0,23.4,0.0,6033
5000,3,League,0,0,29.0,0.0,1738
10000,7,League,0,0,6.7,0.0,6284
15000,7,International,0,1,28.2,3.5,12537
50000,9,League,0,0,6.5,0.0,38204
10000,1,International,0,0,9.0,0.0,4213
50000,5,League,1,0,19.2,0.0,33874
20000,4,Cup,1,0,16.3,0.0,12107
15000,10,League,0,0,26.9,0.0,13061
10000,8,Cup,0,0,33.3,0.1,5492
50000,3,League,0,0,6.9,0.0,14659
5000,3,League,0,0,26.9,4.1,818
30000,6,Cup,0,0,30.4,0.0,16792
30000,10,League,1,0,22.4,0.0,31566
10000,8,League,1,0,25.4,0.0,8689
50000,6,League,0,0,6.0,0.0,25371
50000,5,League,0,1,18.8,12.4,11944
50000,9,Final,0,0,21.4,0.0,53780
50000,9,League,0,0,15.6,0.0,40416
20000,6,League,0,0,32.9,0.0,11216
15000,7,League,1,0,26.6,0.0,12082
10000,1,League,1,1,32.6,7.1,734
20000,1,Final,0,0,21.1,0.0,8657
10000,5,League,0,0,9.3,1.9,2447
30000,3,International,0,0,5.7,0.0,17224
10000,1,League,0,0,15.9,0.0,1880
20000,10,League,0,0,13.4,0.0,17779
30000,8,League,1,0,33.7,0.0,24663
50000,8,League,1,0,21.4,0.0,45767
10000,7,League,0,0,14.1,0.0,6600
20000,6,Cup,0,0,32.9,0.0,11998
30000,8,League,0,0,21.7,12.3,11673
15000,4,League,0,0,32.7,10.0,589
10000,9,League,0,0,16.9,0.0,8423
20000,7,League,1,0,19.2,1.2,12716
5000,3,League,1,0,8.2,0.0,2332
5000,4,Cup,0,0,32.8,0.0,2105
20000,7,League,0,0,7.2,0.0,12566
5000,7,Cup,0,0,25.6,0.0,3545
10000,7,League,0,0,31.2,0.0,6279
10000,6,Cup,0,0,29.8,0.0,6208
30000,7,League,1,0,23.8,0.0,25042
10000,5,League,1,0,29.3,0.0,6480
50000,1,League,0,0,16.8,0.0,11360
10000,9,League,0,0,34.7,0.0,7681
20000,5,League,0,0,12.6,0.0,10224
30000,4,League,0,0,23.0,10.3,2824
20000,8,League,0,0,31.5,0.0,13396
5000,4,League,1,0,19.9,1.2,1874
15000,3,League,1,0,16.7,0.0,7961
5000,3,International,0,0,34.2,0.0,3095
5000,1,Cup,0,0,10.3,0.0,1339
30000,8,League,0,0,9.8,0.0,21473
20000,2,League,0,0,11.4,0.0,5903
10000,1,League,0,0,16.0,10.3,560
5000,5,League,1,0,24.1,0.0,3184
30000,8,Cup,1,0,17.1,0.0,27639
15000,6,Cup,0,0,22.4,0.0,9410
15000,1,League,0,0,8.2,0.0,2067
15000,4,League,0,0,5.1,0.0,5604
20000,1,League,0,0,24.0,0.0,4251
15000,2,League,0,0,19.7,0.0,4118
10000,9,International,1,0,18.3,0.0,11500
5000,1,League,1,0,19.9,0.0,1790
5000,1,International,0,1,30.3,0.0,2887
50000,6,League,0,0,12.5,0.0,30287
50000,3,League,0,0,27.4,0.0,19039
30000,2,Cup,0,0,12.6,0.0,9228
5000,2,League,0,0,22.4,0.0,1362
30000,4,League,1,1,12.8,4.6,14832
15000,1,League,1,0,9.5,0.0,4424
5000,10,League,0,0,9.3,0.0,4122
15000,7,Cup,0,0,32.5,0.0,9686
50000,8,International,0,0,33.2,0.0,49063
10000,10,League,0,0,20.0,0.0,8835
20000,7,League,0,0,33.0,0.0,12749
5000,5,League,1,0,19.5,0.0,3162
30000,5,League,1,0,28.2,7.9,9901
20000,10,League,0,0,26.4,0.0,17400
10000,3,Cup,0,0,8.2,0.0,3587
30000,10,League,0,1,19.4,0.0,29265
15000,10,International,0,0,21.7,0.0,17250
30000,2,International,0,0,11.3,0.0,16806
5000,7,League,1,0,6.3,0.0,3911
20000,7,League,1,0,9.8,0.0,15376
15000,6,Final,0,0,32.6,0.0,11558
5000,1,League,0,0,13.0,0.0,1049
10000,9,League,0,0,22.3,11.1,4935
10000,10,League,0,0,9.4,9.8,4936
15000,1,International,0,0,32.9,0.0,7129
10000,9,League,1,0,32.1,0.0,8929
15000,1,League,1,0,12.2,0.0,5425
50000,8,League,0,0,28.0,0.0,36265
30000,7,Final,0,0,29.3,0.0,27775
30000,6,League,0,0,11.1,0.0,17774
15000,9,League,0,1,5.9,0.0,13116
20000,2,League,0,0,25.4,0.0,5180
15000,9,Cup,1,0,8.1,0.0,14313
30000,2,Cup,1,0,6.3,0.4,6114
5000,5,League,0,0,20.6,0.0,2456
30000,2,League,0,0,30.6,0.0,6622
15000,3,League,0,0,34.6,0.0,4889
10000,1,International,0,0,21.2,0.0,5251
50000,4,League,0,0,14.2,0.0,21615
15000,9,League,1,0,8.4,0.0,13586
5000,6,International,1,0,19.9,0.0,5285
50000,2,Cup,0,0,26.7,8.4,3580
5000,8,International,0,0,16.8,0.0,5153
30000,10,Cup,0,0,33.5,0.0,27033
5000,10,Cup,0,0,27.5,11.0,2916
50000,4,League,0,0,14.7,0.0,21107
10000,10,League,1,0,8.9,0.0,10170
50000,4,International,1,0,26.0,1.9,33817
15000,9,Cup,0,0,31.8,0.0,12262
50000,2,Final,0,0,34.9,0.0,24510
10000,7,Cup,0,0,10.9,0.0,7123
5000,1,Cup,0,0,18.7,0.0,1281
20000,4,League,0,0,6.5,0.0,7968
10000,7,Cup,1,0,33.4,0.0,8374
10000,4,League,1,0,12.9,0.0,5596
5000,3,League,0,0,33.0,0.0,1642
5000,5,League,0,0,19.3,1.7,1669
30000,1,Cup,0,0,33.9,0.0,5526
15000,10,League,0,0,15.3,0.0,13394
5000,9,League,0,0,31.5,0.0,3800
10000,9,League,1,0,22.8,0.0,9735
30000,5,League,1,0,26.7,0.0,19090
10000,5,Cup,0,0,7.4,7.9,1420
10000,2,International,0,0,14.6,0.0,5505
50000,9,League,0,0,29.7,0.0,41578
20000,7,Cup,0,0,16.1,0.0,14491
30000,8,League,0,0,15.8,0.0,22552
50000,1,League,1,0,14.5,0.0,17104
15000,7,League,1,0,25.5,14.5,7263
10000,4,League,0,0,21.0,10.3,735
15000,5,League,0,0,13.4,0.0,7385
15000,4,League,0,0,23.5,0.0,6164
50000,4,League,0,0,16.0,0.0,21973
5000,6,League,0,0,33.8,0.0,2823
30000,5,Cup,1,0,10.8,0.0,22061
20000,6,Final,1,0,13.0,0.0,19734
5000,8,League,0,0,12.9,2.3,2709
15000,6,League,0,0,18.4,0.0,8820
30000,1,League,0,0,18.6,0.0,5634
10000,5,League,0,0,24.8,0.0,5133
10000,10,International,0,0,9.1,0.0,11500
50000,1,International,1,0,15.5,0.0,32909
50000,7,League,1,0,23.8,0.0,40087
30000,8,International,0,0,18.2,11.0,20863
10000,10,International,0,0,33.2,0.0,11500
10000,5,League,0,0,29.7,12.8,1680
50000,10,League,0,0,23.2,0.0,43946
20000,2,League,0,0,19.4,0.0,5051
30000,1,Cup,1,0,31.1,0.0,9637
15000,6,League,1,0,9.7,13.4,5062
30000,9,Cup,0,0,25.6,0.0,26429
50000,6,League,0,0,25.3,0.0,30339
20000,2,League,0,0,27.6,0.0,6106
5000,3,League,0,0,16.4,0.0,1746
5000,2,League,0,0,30.9,0.0,1063
10000,7,League,1,0,12.5,0.0,8285
10000,3,Cup,1,0,34.9,0.0,4905
30000,4,International,0,0,32.2,0.0,20833
15000,4,Cup,0,0,26.3,0.0,7522
15000,10,League,0,0,27.9,0.7,10696
50000,1,Final,0,0,11.0,0.0,21815
20000,3,International,0,0,18.3,3.2,9087
5000,8,League,1,0,6.5,0.0,4050
30000,10,League,1,0,28.5,9.8,21326
5000,9,Cup,0,1,14.5,0.0,4684
15000,6,League,0,0,22.2,0.0,8416
15000,5,League,0,0,7.7,0.0,6817
30000,7,League,0,1,14.2,0.0,21991
50000,10,League,0,0,14.0,0.0,43831
15000,8,League,1,0,26.1,0.0,13518
50000,10,League,1,0,13.2,0.0,52859
10000,9,League,0,0,24.0,0.0,8347
30000,2,Cup,0,0,16.0,6.1,2248
30000,4,Cup,0,0,6.7,10.5,3306
50000,1,Cup,0,0,24.7,0.0,12820
10000,2,League,0,0,21.4,0.0,2659
5000,5,Cup,1,0,18.2,0.0,3433
20000,4,International,1,0,16.8,0.0,17871
50000,3,League,0,0,33.9,8.7,2381
10000,1,Cup,0,0,27.4,8.0,246
20000,2,League,0,0,11.6,0.0,5497
10000,1,Cup,0,0,14.9,0.0,2308
30000,9,League,0,0,31.1,0.0,22935
15000,5,League,1,0,8.6,0.0,9465
15000,4,League,1,0,31.9,0.0,7540
50000,9,Final,0,0,9.6,0.0,52168
20000,10,International,0,0,25.3,0.0,22422
30000,8,League,0,0,29.6,0.0,21278
20000,9,League,0,0,6.9,0.0,15076
50000,6,International,0,0,8.0,0.0,41756
15000,5,League,1,0,5.3,0.0,9126
50000,10,League,1,0,20.3,9.0,34885
5000,5,League,0,0,10.8,0.0,2467
5000,5,League,0,0,15.1,0.0,2570
10000,4,International,0,0,30.5,0.0,6555
10000,1,League,0,0,24.3,0.6,712
5000,5,League,0,0,7.3,0.0,2425
20000,8,League,1,0,23.4,0.0,17423
20000,5,League,1,0,13.4,0.0,12974
20000,6,Cup,0,0,24.9,5.4,5230
50000,6,League,0,1,33.6,4.8,20783
50000,1,League,0,0,33.9,0.0,8523
30000,4,League,0,1,25.6,0.0,16259
10000,3,League,0,0,22.5,0.0,3289
10000,1,League,1,0,12.2,0.0,3666
5000,4,League,1,0,30.3,0.0,2575
20000,5,League,0,0,7.6,2.5,5161
20000,10,League,0,0,11.2,0.0,18170
20000,1,League,0,0,32.1,0.0,3584
10000,3,League,0,1,24.9,0.0,4614
20000,9,League,0,0,32.7,0.0,14755
10000,7,League,1,0,26.9,0.0,8024
5000,2,League,1,0,11.6,0.0,2098
30000,10,International,0,0,27.8,0.0,33982
20000,3,Cup,0,0,29.2,4.9,3671
5000,3,League,0,0,31.4,10.2,176
30000,8,Final,0,0,34.0,0.0,27972
10000,2,Cup,0,0,10.5,14.4,497
50000,9,League,1,0,24.3,0.0,49493
5000,4,Final,1,0,12.7,0.0,4304
30000,1,League,0,0,18.0,0.0,6009
15000,1,League,0,0,13.3,0.0,3102
50000,8,League,0,0,17.2,0.0,36822
15000,8,Cup,0,0,31.2,0.0,11269
50000,5,League,0,0,8.8,0.0,23598
20000,2,League,1,0,26.7,0.0,8244
20000,2,League,1,0,25.4,0.0,8350
20000,1,League,0,0,31.1,14.8,1246
5000,10,League,0,1,11.9,0.0,4895
15000,10,International,0,0,17.4,0.0,17076
15000,2,League,0,0,25.0,0.0,4306
20000,3,League,0,0,21.8,0.0,7663
5000,5,League,1,0,10.9,0.0,3239
10000,9,League,1,0,24.4,0.0,9587
15000,10,League,0,0,19.8,0.0,13281
50000,8,League,0,0,22.5,9.0,19369
30000,6,Cup,0,0,34.0,0.0,17986
5000,9,League,0,0,7.7,0.0,3944
30000,2,League,0,0,9.5,0.0,7105
5000,3,League,1,0,12.3,7.0,753
10000,4,League,1,0,17.5,0.0,6003
15000,10,Cup,0,0,16.1,0.0,14409
30000,7,League,0,0,11.9,0.0,20348
5000,9,League,0,0,30.8,0.0,3928
10000,5,League,0,0,19.5,0.0,5114
20000,1,League,0,0,27.7,0.0,3452
50000,10,International,1,0,15.2,0.0,57499
10000,1,League,1,0,28.3,0.0,3352
10000,9,League,0,0,17.5,0.0,8084
15000,1,League,0,0,11.9,0.0,2823
15000,1,Cup,0,0,22.8,0.0,3620
30000,3,League,0,0,28.9,4.7,4144
20000,4,International,0,0,30.2,0.0,14049
50000,7,League,1,0,21.6,1.0,29575
10000,10,League,1,0,18.2,1.4,8185
5000,8,League,0,0,5.2,0.0,3448
5000,9,League,0,0,26.3,0.0,4200
30000,6,League,0,0,27.7,0.0,17976
20000,7,League,0,0,23.1,8.0,6166
30000,1,League,0,0,21.9,0.0,5672
10000,4,League,1,0,27.3,0.0,5894
5000,8,League,1,0,6.0,0.0,4234
30000,10,League,0,0,29.6,2.6,20412
30000,10,Final,0,0,33.5,13.5,23064
10000,5,League,0,0,14.1,0.0,4875
5000,2,Cup,0,0,20.3,0.0,1769
30000,6,League,0,0,10.4,0.0,17011
10000,2,Cup,1,0,8.6,0.0,4170
20000,3,League,1,0,15.1,0.0,9997
5000,4,League,0,0,15.6,0.0,2038
5000,4,League,0,0,32.7,1.2,967
50000,6,League,0,0,9.4,0.0,25424
10000,5,League,0,0,24.4,0.0,4940
50000,1,League,0,0,34.1,0.0,8567
50000,2,International,1,0,32.4,0.0,32504
5000,1,League,1,0,21.8,0.0,1881
20000,2,International,0,0,17.8,0.0,11364
5000,10,International,0,0,24.1,0.0,5680
50000,4,League,0,0,11.4,0.0,21586
50000,7,League,0,0,18.6,0.0,34349
10000,4,League,0,0,6.9,0.0,3945
30000,2,League,1,0,14.3,0.0,12298
5000,4,League,1,0,28.0,0.0,2832
30000,3,League,0,0,17.5,0.0,10487
5000,8,League,0,0,9.7,0.0,3440
50000,9,Cup,0,0,34.4,0.0,41449
50000,6,Cup,0,0,32.4,11.2,11961
20000,3,League,0,0,15.4,0.0,7102
30000,6,International,1,0,30.3,0.0,30383
20000,8,League,1,0,28.7,12.0,10219
30000,10,League,0,0,26.4,0.0,27189
20000,3,League,0,0,12.0,0.0,7159
10000,4,Cup,0,0,20.2,0.0,4904
5000,7,Cup,0,0,23.7,10.8,1809
5000,1,Cup,0,0,25.4,0.0,1356
15000,7,League,1,0,15.1,0.0,12152
15000,4,International,1,0,15.7,0.0,13518
15000,9,League,0,0,18.8,13.8,7101
15000,10,League,0,0,7.3,0.0,12411
15000,8,League,0,0,34.6,0.0,10305
10000,2,League,0,0,31.1,0.0,2003
15000,10,Cup,0,0,17.6,0.0,14528
15000,3,League,1,0,23.9,0.0,7978
20000,4,League,1,0,31.2,0.0,10484
10000,7,Cup,0,0,22.6,0.0,7372
20000,6,Cup,0,0,21.0,0.0,12582
50000,6,Cup,0,0,32.2,0.0,28267
20000,6,League,0,0,5.4,0.0,10588
15000,10,League,0,0,30.4,0.0,12523
30000,4,League,1,0,10.9,7.8,7010
5000,4,League,1,0,30.2,0.0,2514
20000,8,League,0,0,14.3,4.8,10577
20000,7,League,0,0,5.6,0.0,12229
50000,10,League,0,0,15.2,0.0,43255
20000,6,League,0,0,22.2,0.0,11533
15000,7,International,0,0,25.8,10.0,9179
5000,5,League,1,0,12.3,0.0,3211
5000,8,Cup,1,0,21.9,0.0,4636
20000,3,League,0,0,6.6,0.0,6399
20000,9,League,0,0,17.6,0.0,16817
10000,5,League,0,1,34.5,2.3,3698
20000,2,League,0,0,21.2,0.0,5863
20000,3,International,0,0,20.8,0.0,12909
20000,4,League,1,0,28.7,0.0,11029
30000,4,League,1,0,32.4,0.0,15213
15000,9,League,0,0,32.8,0.0,11875
15000,1,League,0,0,12.5,0.0,2600
30000,8,League,0,0,27.1,0.0,22736
20000,5,League,0,0,26.4,4.4,6611
15000,1,League,0,1,34.5,0.0,4008
10000,3,League,1,0,25.7,0.0,5158
50000,3,League,1,1,29.6,0.0,29700
15000,7,League,0,0,25.0,13.1,4785
15000,9,League,0,0,25.6,9.9,7410
5000,8,League,0,0,18.1,0.0,3802
15000,6,League,0,0,33.9,0.0,7906
20000,8,International,0,0,34.4,0.0,20156
20000,2,League,1,0,21.1,0.0,7950
10000,5,League,1,1,14.7,0.0,7325
5000,4,League,0,0,14.8,0.0,2269
15000,9,Cup,0,0,26.2,1.6,9588
5000,7,League,0,0,15.5,0.0,3332
20000,4,League,0,0,31.6,0.0,7369
5000,9,League,0,0,16.4,0.0,4166
30000,2,League,1,0,12.1,11.4,2306
10000,10,League,1,1,27.8,0.0,11500
20000,10,League,0,0,29.8,0.0,18224
5000,6,Final,0,0,7.9,0.0,3863
50000,8,League,0,0,34.1,0.0,33991
30000,2,League,0,0,31.2,0.0,6018
30000,7,Cup,0,0,6.2,0.0,19692
15000,3,League,1,0,15.0,0.0,7179
20000,4,League,1,0,33.3,0.0,10125
5000,2,League,0,0,8.1,0.0,1214
5000,7,League,0,0,24.9,0.0,3454
15000,5,League,0,0,31.3,0.0,7160
15000,3,League,0,0,20.1,0.0,5251
10000,7,International,0,0,25.9,0.0,9542
50000,1,International,1,0,34.8,0.0,31360
5000,9,League,1,0,34.7,0.0,4467
50000,4,League,0,0,14.3,0.0,21605
15000,2,International,0,0,17.4,0.0,8221
30000,3,League,0,0,9.6,0.0,8264
15000,5,League,0,0,14.9,0.0,7922
15000,1,Cup,0,0,30.4,0.0,2994
30000,8,League,1,0,10.5,0.0,26914
20000,9,League,1,0,20.1,0.0,19198
20000,1,International,0,0,34.7,0.0,9558
10000,8,League,0,0,13.2,0.0,7181
15000,1,League,0,0,32.6,0.0,2063
30000,9,League,0,0,15.5,0.0,24884
15000,8,League,0,0,17.0,0.6,8296
15000,8,International,1,0,9.4,7.7,11918
30000,7,League,1,0,12.7,0.0,23481
50000,6,League,0,0,30.0,0.0,29900
5000,10,League,0,0,9.4,0.0,4145
30000,2,League,0,0,13.5,0.0,8109
15000,3,League,0,0,33.4,0.0,4339
50000,8,Cup,0,0,6.5,0.0,36532
15000,2,League,1,0,25.3,13.3,1370
10000,2,Cup,1,0,19.4,0.0,5007
5000,4,Cup,0,0,31.1,0.0,2232
15000,10,League,0,0,20.5,0.0,13582
20000,9,League,0,0,16.2,0.0,16362
30000,7,League,0,0,20.0,0.0,20739
20000,2,League,0,0,7.0,5.7,1027
20000,6,League,1,0,5.2,0.0,13464
20000,1,League,1,0,18.1,0.0,6772
5000,5,League,0,0,29.5,0.0,2672
10000,4,Final,0,0,30.5,0.0,6417
15000,5,Cup,0,0,9.5,0.0,7459
20000,9,League,0,0,33.4,5.2,7993
30000,4,League,0,0,7.7,3.0,6137
15000,8,International,1,0,19.2,0.0,17250
50000,5,League,1,0,32.3,0.0,29477
30000,5,Cup,0,0,22.3,0.0,17578
50000,3,International,0,0,7.2,0.0,28890
30000,6,Cup,0,0,32.8,0.0,17989
10000,10,League,0,0,27.5,10.2,5531
20000,3,League,0,0,23.8,10.0,635
50000,9,League,1,0,6.3,0.0,46579
5000,3,League,1,0,6.9,5.0,1215
20000,2,League,0,0,33.2,10.4,693
20000,8,League,0,0,14.1,0.0,15134
5000,7,League,0,0,31.3,0.0,3174
15000,2,League,0,0,10.2,0.0,3972
15000,10,League,0,0,15.1,0.0,13678
50000,1,Cup,1,0,30.2,0.0,18865
10000,6,International,1,0,30.0,0.0,10473
20000,3,League,0,0,34.8,0.0,5621
50000,9,Cup,0,0,13.1,0.0,44538
5000,5,League,0,0,13.1,0.0,2593
30000,5,League,0,0,19.4,3.2,8680
15000,1,International,0,0,22.4,0.0,7620
20000,9,League,1,0,7.2,0.0,18818
15000,5,League,1,0,10.4,0.0,10093
50000,1,Cup,0,0,28.1,0.0,13377
15000,5,International,0,0,25.5,0.0,11810
5000,9,League,0,0,21.2,0.0,3968
10000,7,League,0,0,21.0,0.0,6694
20000,10,League,0,0,6.9,0.0,17313
15000,9,League,1,0,34.7,0.0,13965
10000,4,Cup,1,0,9.9,0.0,5540
20000,1,League,0,0,5.2,0.0,2504
20000,2,League,0,0,17.4,0.0,6056
10000,9,League,0,0,25.3,0.0,8247
5000,5,League,0,1,33.0,0.0,2642
5000,6,League,0,0,9.8,0.0,2703
30000,6,Cup,1,0,7.3,13.2,12446
20000,6,League,1,0,15.6,0.0,14241
5000,3,League,0,0,18.1,0.0,1793
20000,2,League,0,0,22.3,0.0,5311
15000,10,League,0,0,32.8,0.0,12847
50000,8,Final,0,0,18.8,12.6,32072
10000,10,League,0,0,26.4,0.0,9129
5000,8,League,1,1,13.9,0.0,4998
50000,5,League,1,0,5.2,0.0,31118
30000,6,Cup,0,0,33.7,0.0,16671
30000,1,League,0,0,35.0,9.1,1493
30000,1,League,0,0,11.6,0.0,5134
50000,3,League,0,0,7.1,0.0,16633
5000,1,League,0,0,6.5,0.0,879
15000,4,League,1,0,9.8,0.0,7888
50000,5,League,1,0,17.5,0.0,31650
20000,7,League,0,0,6.6,0.0,12178
10000,10,League,0,0,12.7,14.1,5471
10000,4,League,0,0,9.3,0.0,3552
50000,8,Cup,0,0,21.3,0.0,40354
20000,9,League,0,0,30.7,0.0,15475
5000,4,Cup,1,0,29.0,0.0,3280
50000,3,League,1,0,10.8,14.6,6465
10000,7,League,0,0,16.7,0.0,6744
10000,4,League,0,0,7.2,0.0,3767
20000,9,League,0,0,25.7,0.0,16759
50000,2,League,0,0,27.8,14.9,3795
5000,3,League,0,0,31.1,0.0,1546
50000,1,League,1,0,33.1,0.0,14135
10000,9,League,1,0,10.9,0.0,9393
15000,8,League,0,0,25.4,0.0,10774
10000,9,Cup,0,0,25.3,0.0,8822
20000,9,League,0,0,10.2,13.6,8795
15000,2,Cup,0,0,25.3,0.0,4816
10000,8,International,0,0,11.5,0.0,10238
30000,9,League,1,0,26.6,0.0,29455
10000,1,League,1,0,8.9,0.0,3179
30000,9,League,0,0,15.5,0.0,23874
20000,8,League,0,0,21.2,0.0,14929
5000,5,League,0,0,30.6,0.0,2201
5000,1,League,0,0,27.6,0.0,898
15000,7,League,0,0,30.2,8.9,4072
50000,9,League,1,0,18.8,0.0,48202
10000,5,League,1,0,27.6,0.0,6687
5000,8,International,0,0,9.5,0.0,4835
15000,4,Final,0,0,16.4,2.6,7252
50000,7,League,0,0,9.7,0.0,31610
10000,10,League,0,0,18.4,6.5,5236
50000,2,League,0,0,24.3,0.0,14121
20000,6,League,1,0,31.1,0.0,13101
10000,9,International,1,0,26.0,0.0,11224
50000,9,International,0,0,13.5,0.0,55278
50000,6,Final,0,0,10.8,0.0,42472
30000,10,League,0,0,20.2,5.1,15919
20000,8,International,0,0,25.4,0.3,16377
10000,3,League,0,1,27.3,0.0,4637
10000,6,League,1,0,14.3,0.0,7162
10000,5,Final,1,0,30.8,0.0,8788
30000,6,League,0,0,25.3,0.0,17431
15000,5,Cup,0,0,33.4,0.0,7277
20000,4,League,0,0,28.9,0.0,8391
20000,10,League,0,0,13.7,14.2,10597
10000,1,League,0,0,18.7,0.0,2264
15000,1,International,1,0,9.6,0.0,9350
5000,9,League,1,0,9.1,0.0,4472
20000,7,League,0,0,19.6,0.0,12686
5000,1,League,0,0,7.9,0.0,817
5000,6,League,0,0,5.6,0.0,2783
10000,6,League,0,0,30.4,0.0,5407
20000,10,League,0,0,29.8,0.0,18259
20000,3,League,1,0,24.3,0.0,10474
30000,5,League,1,0,33.8,0.0,18321
30000,1,League,0,0,28.7,0.0,5526
5000,10,League,0,0,10.4,7.9,2663
15000,6,League,0,0,12.1,0.0,8416
15000,2,League,0,0,7.7,0.0,3333
50000,8,International,0,0,23.1,0.0,51308
5000,7,League,1,0,9.9,0.0,3803
30000,9,Cup,1,0,16.6,0.0,30001
20000,2,League,0,0,22.6,0.0,5642
50000,9,League,0,0,22.5,0.0,41325
30000,2,League,0,1,10.8,0.0,11271
10000,1,League,0,0,22.2,0.0,2218
10000,6,League,0,0,26.2,0.0,5633
15000,2,Cup,1,0,8.1,0.0,6154
20000,7,League,1,0,14.9,0.0,16052
30000,8,International,0,0,19.0,0.0,30657
50000,9,League,0,0,11.2,0.0,39859
50000,6,League,0,0,20.4,0.0,27945
5000,3,League,0,0,15.2,0.0,1910
5000,5,League,0,0,26.5,0.0,2416
10000,6,League,1,0,34.4,0.0,6574
5000,2,League,1,0,11.8,0.0,2259
30000,5,League,0,0,27.8,0.0,15459
50000,1,League,0,0,16.7,0.0,8855
10000,2,League,0,0,19.3,0.0,2785
10000,10,International,0,0,32.6,0.0,11284
5000,7,League,0,0,21.6,0.0,3341
20000,1,League,1,0,13.7,0.0,7210
30000,3,League,1,0,22.7,0.0,14865
30000,1,League,0,0,32.0,0.0,5347
10000,9,Final,0,0,21.4,4.2,8418
20000,6,League,0,0,19.0,10.8,4357
50000,9,League,0,0,21.9,0.0,41013
5000,2,League,0,0,21.3,0.0,1507
10000,7,Final,1,1,17.9,0.0,11316
30000,7,Cup,1,0,16.8,0.0,26556
50000,3,League,0,0,13.7,0.0,18636
30000,5,League,0,0,21.9,0.6,10095
10000,8,League,0,0,22.5,0.1,5624
15000,8,Cup,0,0,33.7,0.0,11445
30000,1,League,0,0,5.6,14.3,1362
15000,1,League,1,0,31.6,0.0,4168
15000,1,League,1,0,14.9,0.0,4901
15000,6,League,0,0,13.5,3.4,6086
15000,5,League,0,1,9.5,0.0,8661
30000,7,Cup,0,0,12.9,0.0,21718
50000,2,League,0,0,22.5,0.0,12487
20000,6,League,0,0,14.6,0.0,11471
5000,1,League,1,0,13.0,0.0,1756
10000,4,Cup,1,0,33.5,3.7,3588
5000,2,Cup,0,0,14.3,2.8,639
30000,1,League,0,0,28.1,13.5,1687
20000,8,League,0,0,28.9,9.1,7938
50000,7,League,0,0,23.3,0.0,32524
50000,2,League,0,0,26.8,0.0,15194
30000,1,League,1,0,17.8,0.0,9695
10000,3,Cup,0,0,24.5,7.7,599
50000,2,International,0,0,20.7,0.0,27626
30000,4,Final,0,0,23.5,0.0,19804
30000,4,League,0,0,13.9,2.1,7703
15000,1,League,0,0,9.5,0.0,1944
5000,1,Cup,1,0,22.4,0.0,2126
50000,9,League,1,0,31.3,0.0,45964
50000,4,League,0,1,16.1,0.0,27605
30000,5,League,0,0,13.9,9.9,5211
15000,9,League,0,0,27.5,9.7,7161
10000,7,League,0,0,20.7,6.0,3130
20000,5,League,0,0,15.3,4.4,6066
5000,7,League,1,0,23.5,10.9,2166
10000,1,League,1,0,7.9,0.0,2729
5000,5,League,0,0,23.9,0.0,2630
5000,2,League,0,0,5.4,12.0,229
15000,9,League,0,0,28.2,0.0,12615
20000,10,League,0,0,24.9,0.0,17581
15000,9,League,0,0,29.1,1.7,9447
50000,1,League,1,0,31.7,0.0,15307
5000,1,League,1,0,34.7,0.0,1444
10000,3,International,0,0,30.4,0.0,5870
50000,8,League,0,0,21.9,0.3,26890
50000,7,League,0,0,18.8,0.0,32488
50000,2,League,0,0,23.8,0.0,14996
5000,8,League,0,0,22.4,0.0,3548
50000,3,Final,1,0,26.6,0.0,37933
10000,10,League,1,0,7.6,0.0,9911
5000,10,Cup,0,0,31.9,0.0,4349
10000,7,League,0,0,18.5,0.0,6362
30000,5,Cup,0,1,22.6,0.0,20218
20000,4,League,0,0,19.2,0.0,9199
50000,7,League,0,0,30.1,0.0,31057
10000,3,League,1,1,32.4,1.8,3638
30000,10,League,1,0,20.4,0.0,31026
5000,4,League,0,0,9.4,8.9,112
10000,2,League,0,0,18.6,0.0,2480
15000,4,Cup,0,0,11.4,1.1,3903
30000,2,League,0,0,19.1,0.0,9017
50000,7,League,0,0,19.3,0.0,32634
50000,6,International,1,0,13.0,11.5,33709
50000,2,Cup,1,0,14.9,0.0,22471
10000,9,Cup,0,0,17.6,0.0,8523
15000,1,International,0,0,28.5,0.0,7509
10000,9,League,0,0,33.9,0.0,7501
15000,9,League,0,0,27.1,0.0,11914
10000,8,International,0,0,22.2,0.0,10473
20000,7,League,1,0,24.4,0.0,16003
20000,10,International,1,0,33.5,0.0,22985
15000,5,International,0,0,28.9,0.0,12519
50000,4,League,0,0,14.0,0.0,20419
50000,8,League,0,0,29.9,0.0,37188
10000,6,Cup,0,0,17.5,0.0,6220
20000,4,League,0,0,11.0,7.7,1869
20000,4,League,1,0,13.0,0.0,12032
15000,5,League,1,0,21.1,0.0,9685
30000,8,League,0,0,34.7,0.0,21435
10000,6,Cup,0,0,6.7,0.0,5634
20000,10,League,0,0,14.2,8.0,11192
5000,6,League,0,0,7.3,7.4,832
15000,10,International,0,0,22.9,5.5,12759
15000,5,League,1,0,32.5,0.0,8792
15000,6,League,1,0,9.6,0.0,10530
30000,8,League,0,0,21.4,0.0,22987
20000,5,League,0,0,24.8,0.0,9706
10000,7,League,0,0,21.1,0.0,6448
30000,9,League,0,0,9.1,0.0,23012
20000,4,League,0,0,22.1,10.9,2054
10000,6,League,1,0,17.7,0.0,7589
5000,4,League,1,0,29.9,0.0,2766
10000,6,Final,0,0,13.8,0.0,8436
10000,6,Final,0,0,16.5,0.0,8620
10000,10,League,0,0,8.0,0.0,8290
10000,8,International,0,0,23.2,0.0,10247
30000,7,Final,0,0,5.2,0.0,25476
50000,5,International,1,0,21.7,0.0,46454
15000,1,League,1,0,22.3,0.0,5110
10000,1,League,0,0,16.1,0.0,2051
50000,1,League,0,0,6.8,0.0,6157
30000,5,League,0,0,11.5,0.0,15951
10000,9,League,0,0,30.0,0.0,8441
5000,6,League,0,0,22.1,0.0,2847
5000,10,International,1,0,24.3,0.0,5750
20000,8,Final,1,0,22.0,0.0,23000
30000,3,League,0,0,25.6,0.0,10874
15000,10,League,0,0,29.0,0.0,13248
5000,2,League,0,0,30.9,0.0,1125
20000,1,League,0,0,25.3,0.0,4249
15000,8,League,0,0,28.7,12.4,6211
20000,9,Cup,1,0,20.0,7.7,13482
10000,5,League,1,0,29.0,0.0,6734
10000,6,Cup,0,0,10.8,0.0,6400
30000,7,League,0,0,17.3,0.0,19168
5000,10,International,0,0,25.5,0.0,5750
30000,7,League,0,1,34.1,0.0,21676
20000,9,League,0,0,25.2,6.4,9561
20000,3,League,1,0,20.8,0.0,9783
30000,1,League,1,0,24.7,6.8,889
15000,9,League,0,0,24.3,0.0,12104
10000,8,League,0,0,19.1,0.0,7388
5000,10,League,0,0,29.7,0.0,4587
10000,10,League,0,0,22.1,0.0,8750
30000,4,League,0,0,28.9,0.0,13349
30000,3,League,1,0,34.0,0.0,13314
20000,1,League,1,0,5.6,0.0,5760
15000,2,League,0,1,10.1,12.8,1018
20000,1,League,0,0,25.0,0.0,4281
30000,2,League,0,0,27.6,0.0,7736
5000,4,League,0,0,33.0,0.0,1838
5000,1,League,0,0,29.8,0.0,1092
5000,9,League,1,0,18.3,0.0,4868
10000,9,League,1,0,16.0,11.6,5901
15000,9,League,0,0,24.0,10.6,6832
30000,1,Cup,0,0,34.0,4.6,2294
20000,1,League,0,1,24.0,0.0,6425
15000,5,League,0,0,28.0,14.3,2232
15000,1,League,0,0,12.4,0.0,2640
50000,4,International,1,0,13.0,0.0,43175
10000,5,League,1,0,8.5,9.5,2587
5000,10,International,0,1,16.2,0.0,5657
20000,7,League,0,0,10.8,0.0,13398
20000,8,League,0,0,25.7,0.0,15279
5000,4,League,0,0,15.5,0.0,2233
5000,9,League,0,0,9.1,7.0,2211
50000,2,League,1,0,23.2,0.7,10209
15000,8,League,1,0,6.3,0.0,12185
15000,2,League,0,0,12.8,0.0,4548
30000,6,League,0,0,13.6,14.5,7916
50000,4,Cup,0,0,7.9,10.0,5085
50000,1,League,0,0,33.0,0.0,7743
50000,4,League,0,0,21.9,0.0,22854
20000,10,League,1,0,15.4,0.0,20528
5000,8,League,1,0,26.1,0.0,4577
20000,10,Cup,0,0,17.4,0.0,19316
5000,2,League,0,0,29.3,0.0,1489
50000,7,League,0,0,15.7,0.0,33393
15000,7,Final,0,0,11.5,0.0,13571
15000,7,League,0,0,33.5,0.0,8908
15000,4,League,1,0,19.4,0.0,8763
20000,10,Cup,1,0,19.2,0.0,22146
10000,3,Cup,0,0,10.3,0.0,3982
10000,2,Cup,0,0,19.1,0.0,3429
50000,8,League,0,0,11.7,11.3,20112
50000,2,International,0,0,27.5,0.0,28805
30000,4,League,0,0,9.5,0.0,11032
10000,1,League,1,0,7.2,0.0,3007
5000,1,League,1,0,30.9,0.0,1605
10000,9,League,0,0,30.3,0.0,7549
5000,7,League,0,0,13.3,0.0,3279
5000,3,League,0,0,10.5,0.0,1810
50000,4,League,0,0,17.9,8.2,3339
20000,1,League,0,0,5.8,8.4,454
20000,9,League,1,0,8.8,0.0,18768
10000,5,Cup,1,0,24.9,0.0,6859
5000,6,League,0,0,17.0,0.0,2859
50000,9,League,0,0,16.9,0.0,40528
30000,3,League,0,0,32.9,14.0,2235
10000,10,League,0,0,33.9,0.0,8315
50000,9,League,0,0,8.3,0.0,38256
15000,10,League,1,0,32.1,0.0,14763
20000,7,International,1,0,28.6,0.0,22074
5000,1,League,0,0,17.5,0.0,891
15000,1,League,0,0,15.6,0.0,3108
15000,8,International,0,0,20.9,0.0,15800
10000,1,League,0,0,13.1,0.0,2157
50000,7,League,0,0,26.1,0.0,34499
5000,5,Final,1,0,12.1,0.0,4438
30000,7,League,1,0,9.5,0.0,23292
5000,5,League,0,0,17.5,0.0,2538
5000,10,League,0,0,22.8,0.0,4553
20000,10,League,0,0,32.5,0.0,16543
5000,5,League,0,1,33.5,0.0,2726
5000,1,League,0,0,8.1,0.0,801
30000,1,League,1,0,21.8,0.0,11390
50000,7,League,1,0,27.5,0.0,41615
20000,3,League,0,1,28.0,0.0,8894
5000,1,Final,0,0,25.9,0.0,2179
20000,7,Cup,0,0,13.5,0.0,13937
30000,3,Final,0,0,7.0,0.0,17238
5000,5,International,0,0,27.1,0.0,3941
5000,1,League,1,0,22.0,0.0,1858
5000,8,Cup,1,0,33.8,6.8,2547
50000,10,League,0,0,16.4,0.0,45960
15000,2,League,0,0,15.5,0.0,4102
50000,3,Cup,0,0,8.8,0.0,19031
30000,9,League,0,0,18.8,1.4,18042
30000,6,League,0,0,24.2,6.0,7556
5000,2,League,1,0,24.2,0.0,2000
30000,1,League,1,0,34.1,0.0,9539
30000,7,Cup,0,0,9.8,0.0,19140
15000,7,Cup,0,0,28.0,0.0,10280
30000,6,League,0,0,12.9,0.0,18246
15000,3,Cup,0,0,15.2,0.0,5647
20000,2,League,0,0,6.8,0.0,4137
10000,1,League,1,0,8.8,10.1,654
50000,3,International,1,0,14.5,0.0,40580
5000,9,League,0,0,29.0,0.0,3949
50000,1,International,0,0,32.2,0.0,21467
30000,8,League,0,0,13.3,0.0,21550
30000,10,League,0,0,16.7,8.5,15904
15000,10,League,0,0,14.5,0.0,13198
15000,4,League,1,0,7.7,0.0,7880
15000,10,League,1,0,10.8,0.0,15661
15000,4,League,0,0,12.1,0.0,6502
15000,1,League,0,0,30.2,0.0,1931
5000,9,League,0,0,28.1,11.4,2244
15000,10,Cup,0,0,27.2,0.0,14222
20000,2,League,0,0,29.2,0.0,5482
10000,9,International,1,0,34.6,0.0,11214
5000,8,League,1,0,34.6,0.0,4138
5000,6,Cup,0,0,33.8,0.0,2816
30000,1,League,0,0,8.3,0.0,3872
10000,2,League,0,0,31.4,0.0,2121
30000,7,League,0,0,10.8,7.6,8621
20000,3,League,0,0,21.5,0.0,7619
5000,8,League,1,0,11.2,0.0,4325
50000,3,League,1,0,28.3,0.0,26291
50000,3,League,0,0,20.3,1.8,6723
10000,8,League,0,0,31.0,0.0,7011
20000,3,League,0,0,29.2,0.0,7149
50000,10,League,0,0,26.2,0.0,43538
15000,7,League,0,0,26.0,0.0,10279
30000,8,League,1,0,30.9,0.0,24534
50000,8,League,1,0,13.8,7.7,27021
15000,8,League,0,0,8.8,0.0,10362
20000,9,Cup,0,0,9.9,0.0,16120
15000,7,League,0,0,32.0,0.0,8867
5000,10,League,0,0,7.5,0.0,4194
30000,4,League,0,0,16.9,0.0,13423
15000,1,League,1,0,30.7,0.0,4757
15000,7,International,1,0,33.7,0.0,16368
15000,4,League,0,0,20.0,0.0,6366
10000,1,League,0,0,7.6,0.0,1439
20000,9,Final,0,0,28.5,0.0,20948
50000,3,League,0,0,23.9,0.0,18766
20000,10,International,0,0,8.5,0.0,22780
20000,10,League,1,0,18.7,0.0,20762
5000,7,League,1,0,29.2,0.0,4177
30000,9,Cup,0,0,23.7,0.0,25576
50000,4,League,0,0,10.7,0.0,22009
30000,5,Cup,0,0,33.3,0.0,15759
30000,9,League,0,0,32.6,0.0,22967
50000,3,League,0,0,33.9,0.0,15348
10000,1,International,1,0,26.0,0.0,6563
10000,3,League,1,0,13.4,6.6,1771
15000,2,Cup,0,1,9.7,0.0,5309
30000,7,League,0,0,33.8,0.0,17777
50000,5,Cup,0,0,10.4,0.0,29069
5000,4,League,0,0,19.0,0.0,2235
5000,6,League,0,0,16.7,0.0,3019
10000,10,League,1,0,29.1,0.0,10651
10000,3,League,1,0,15.1,0.0,4857
30000,1,League,0,0,34.8,0.0,4504
20000,6,League,0,0,30.2,0.0,10118
15000,7,League,0,0,28.7,0.0,9739
5000,9,League,0,0,24.7,0.0,4112
10000,4,International,0,0,28.4,0.0,7402
10000,10,League,1,0,8.2,0.0,10003
30000,5,League,1,0,21.5,0.0,19335
30000,6,League,0,0,11.2,0.0,17771
5000,4,International,0,0,5.8,8.5,1588
10000,1,League,0,0,14.9,1.9,731
30000,5,Cup,0,0,18.8,0.0,16095
15000,3,Cup,0,0,21.3,0.0,6364
50000,10,League,1,0,22.9,0.0,51519
30000,5,League,1,0,17.3,0.0,20597
15000,4,International,0,0,33.6,0.0,10351
20000,10,League,0,0,13.3,12.4,11365
30000,3,Cup,0,0,23.9,0.0,11750
10000,5,League,0,0,21.2,0.0,5301
30000,4,International,0,0,22.9,0.0,22637
15000,7,League,1,0,25.6,0.0,12051
20000,4,Cup,1,0,13.0,0.0,12385
30000,7,League,0,0,17.3,0.0,19906
20000,4,Cup,0,0,30.7,0.0,9202
5000,3,International,0,0,21.7,0.0,3373
20000,8,League,0,0,20.0,0.0,15033
5000,10,Cup,0,0,16.1,0.0,4804
15000,3,League,1,0,30.9,0.0,6940
30000,4,International,1,0,16.8,8.1,15559
5000,1,Cup,0,0,13.7,0.0,1267
30000,8,League,0,0,28.4,0.0,22642
50000,4,League,0,0,7.4,0.0,19813
20000,2,League,0,0,6.2,0.0,4046
10000,7,Cup,0,0,33.5,0.0,6726
10000,7,League,1,0,25.1,0.0,8267
30000,6,League,1,0,29.6,0.0,22031
10000,5,League,0,0,9.1,11.5,1326
5000,5,League,0,0,6.4,0.0,2324
10000,8,League,0,0,17.3,0.0,7589
15000,1,Cup,0,0,16.5,0.0,3813
5000,1,League,0,0,15.2,0.0,1063
5000,9,League,1,0,10.9,0.0,4845
5000,5,League,1,0,13.9,0.0,3270
20000,5,League,0,0,13.4,0.0,9868
30000,1,League,0,0,27.8,0.0,5931
30000,7,League,0,0,5.0,0.0,18521
20000,4,Cup,0,0,17.1,0.0,9104
10000,7,League,0,0,9.5,0.0,6412
5000,9,League,1,0,13.3,0.0,4944
50000,8,Cup,1,0,8.0,0.0,43470
10000,8,League,0,0,15.6,0.0,7307
5000,10,Final,0,0,34.5,11.0,3780
10000,2,Final,0,0,29.3,0.0,5288
5000,1,League,0,0,14.1,0.0,939
50000,9,League,0,0,33.0,0.0,37731
5000,3,International,1,1,19.3,0.0,4479
50000,3,League,1,0,21.8,0.0,26570
20000,2,Cup,0,0,17.5,0.0,6426
5000,6,League,0,0,30.2,9.3,910
20000,10,League,0,0,5.1,0.0,17372
5000,6,League,0,0,12.6,0.0,2861
50000,7,League,0,0,10.9,0.0,32571
5000,1,International,1,0,32.8,0.0,3006
30000,4,League,1,0,30.9,0.0,15724
15000,9,Cup,0,0,17.1,0.0,13344
15000,1,Cup,0,0,13.3,0.0,3620
15000,4,League,0,0,16.8,6.7,1518
50000,3,International,0,0,28.8,0.0,33446
30000,8,League,0,0,24.3,10.7,11819
30000,4,Cup,1,0,15.6,0.0,18825
30000,7,International,1,0,28.4,4.3,27455
30000,9,International,0,0,27.9,7.4,22466
30000,2,League,0,0,27.1,8.6,2076
10000,8,League,0,1,16.2,0.0,8455
10000,3,Final,0,0,28.8,0.0,6093
5000,10,Cup,0,0,33.0,0.0,4419
15000,4,League,1,0,10.7,0.0,8943
5000,2,League,1,0,15.8,0.0,2149
5000,8,League,0,0,16.4,0.0,3560
5000,4,League,0,0,31.1,0.0,1783
20000,8,League,0,0,28.2,13.3,7556
50000,4,League,0,0,11.1,0.0,22845
20000,10,League,0,0,10.1,0.0,17294
30000,4,League,1,0,29.5,0.0,17212
50000,4,League,1,0,32.2,0.0,27284
5000,10,Cup,0,0,8.4,0.0,4480
10000,2,League,0,0,20.4,0.0,2670
30000,8,League,0,0,6.1,0.0,21506
30000,5,League,0,0,8.6,0.0,14145
20000,10,Cup,0,0,8.4,0.0,17736
50000,6,International,1,0,11.9,0.0,50694
20000,4,League,1,0,15.8,9.0,4289
50000,7,International,0,0,27.0,0.0,48645
20000,2,League,0,0,15.4,4.3,1694
15000,8,League,0,0,21.3,0.0,10960
30000,9,Final,0,0,27.4,2.5,26211
5000,3,League,0,0,13.1,0.0,1697
20000,3,League,1,0,6.8,0.0,8561
10000,4,League,1,0,6.9,2.9,3570
5000,9,Cup,0,0,10.5,0.0,4304
30000,9,League,0,0,25.3,0.0,25331
20000,10,League,0,0,23.4,3.8,14364
20000,4,League,0,0,31.8,0.0,8172
10000,10,League,0,0,21.3,0.0,9008
20000,1,League,1,0,18.1,0.0,6999
5000,10,League,1,0,26.3,0.0,5200
20000,9,Cup,0,1,15.1,0.0,19684
20000,1,League,0,0,33.0,0.0,3557
50000,6,Cup,0,1,5.5,0.0,34416
30000,10,League,0,0,33.4,0.0,25514
30000,1,League,0,0,20.3,0.0,5582
10000,6,League,1,0,9.0,0.0,6628
50000,6,League,1,0,31.0,7.3,17249
5000,2,League,0,0,16.2,6.3,209
15000,9,League,0,0,26.0,12.6,6604
20000,8,Cup,0,0,15.3,0.0,15735
5000,7,League,0,0,16.1,0.0,3267
5000,5,League,0,0,13.8,0.0,2478
15000,6,League,1,0,16.4,12.8,6105
30000,6,League,1,0,12.1,5.1,11098
20000,1,League,0,0,29.4,0.0,3515
20000,3,International,0,0,26.8,0.0,13381
30000,5,Cup,0,0,23.4,6.8,5711
15000,7,League,0,0,33.3,5.2,4232
30000,1,Cup,0,0,21.1,0.0,7182
15000,8,League,1,0,20.6,0.0,13342
10000,5,League,1,0,23.1,0.0,6501
10000,4,League,0,0,7.0,0.0,3630
15000,2,Cup,0,0,20.5,0.0,5352
15000,4,League,0,0,5.7,0.0,5718
20000,1,League,0,0,27.2,0.0,3777
30000,10,League,0,0,13.8,0.0,27359
50000,7,International,1,0,22.1,11.0,38390
15000,10,International,1,0,16.2,0.0,17250
5000,4,International,0,0,23.3,0.0,3781
5000,9,League,0,0,6.9,9.0,1934
10000,10,Final,0,0,32.5,8.6,7712
50000,6,League,0,0,5.8,0.0,27335
50000,3,Cup,0,0,30.5,0.0,17707
5000,2,League,1,0,16.9,0.0,1988
30000,7,International,1,0,22.7,0.0,32694
30000,8,League,0,0,20.0,0.0,22500
10000,5,League,0,1,33.5,0.0,5484
15000,7,League,0,1,31.7,0.0,10801
5000,4,League,0,0,5.6,0.0,2010
20000,3,League,0,0,22.4,0.0,6807
30000,9,League,1,0,7.1,2.2,21165
30000,5,Cup,1,0,8.4,0.0,20034
30000,5,International,0,0,17.7,0.0,25013
30000,7,League,0,0,16.1,0.0,19277
10000,4,League,0,0,22.7,0.0,4083
20000,1,League,0,0,33.7,0.0,3435
20000,6,League,0,0,7.2,0.0,10359
30000,4,International,1,0,21.2,0.0,26395
50000,7,Cup,1,0,24.4,12.2,25912
20000,7,International,0,0,22.0,0.0,18724
50000,8,League,0,0,34.5,0.0,33470
50000,8,International,0,0,28.3,0.0,50811
50000,8,League,0,0,21.0,0.0,35663
15000,4,League,0,0,15.8,0.0,6058
50000,8,League,1,0,18.4,0.0,43604
5000,10,League,1,0,16.0,0.0,5209
20000,1,League,0,0,33.2,0.0,2581
15000,7,League,0,0,14.6,0.0,9514
5000,3,League,0,0,8.7,0.0,1612
15000,9,International,0,0,9.2,9.7,11166
20000,4,League,0,0,17.0,0.0,8681
20000,7,League,1,0,24.6,2.4,12485
15000,5,League,1,0,17.0,0.0,10184
50000,1,League,0,0,18.3,0.0,9322
5000,8,League,0,0,9.3,0.0,3525
50000,6,League,0,0,29.4,0.0,29986
30000,4,League,0,0,31.7,0.0,12043
50000,2,Cup,0,0,16.1,0.0,15439
10000,4,League,1,0,29.0,0.0,5742
30000,7,League,1,0,22.3,0.0,25097
50000,6,International,0,0,14.6,0.0,44557
30000,6,Cup,0,0,19.6,11.8,9330
5000,7,League,0,0,27.5,0.0,3358
30000,4,League,0,0,27.1,0.0,13780
30000,2,League,0,0,17.8,0.0,8586
30000,2,League,1,0,31.1,0.0,11870
15000,9,League,1,0,11.8,0.0,14645
15000,1,League,0,0,9.6,0.0,1903
15000,7,League,0,0,34.4,0.0,9012
30000,1,League,0,0,33.9,0.0,3822
30000,10,League,0,0,14.3,0.0,27385
30000,3,League,0,1,12.1,0.0,12817
30000,10,League,1,0,20.9,0.0,31541
20000,4,League,1,0,23.6,0.0,11158
5000,1,League,0,0,9.8,0.0,821
5000,2,League,0,0,23.5,0.0,1427
15000,8,Cup,0,0,20.2,0.0,11962
15000,7,League,0,0,18.8,0.0,10257
10000,3,League,0,0,27.0,0.0,3305
15000,7,League,1,1,17.2,0.0,13396
15000,1,Cup,1,0,20.4,0.0,5746
5000,9,International,0,0,10.6,0.0,5722
10000,4,League,0,0,9.8,0.0,3692
15000,10,League,0,0,18.2,0.0,13132
10000,4,League,0,0,17.8,2.8,2578
20000,1,International,0,0,24.0,0.0,9478
50000,6,League,1,0,31.5,0.0,34006
5000,9,League,1,0,33.8,0.0,4593
5000,3,Cup,0,0,16.8,6.6,248
15000,8,League,0,0,27.1,0.0,10644
5000,8,League,0,0,18.6,0.0,3552
50000,10,League,0,0,29.8,0.0,45471
10000,1,League,0,0,30.7,0.0,1671
15000,10,League,1,0,34.7,0.0,14843
15000,8,League,1,0,20.1,0.0,13063
15000,7,International,0,0,35.0,0.1,10821
20000,7,League,0,0,34.6,0.0,12689
50000,1,League,0,0,7.2,0.0,8736
5000,1,League,0,0,26.4,0.0,898
30000,10,League,0,0,6.6,0.0,26187
30000,5,Cup,1,0,25.9,0.0,21946
20000,4,League,1,0,33.8,0.0,10462
20000,3,League,0,0,17.2,0.0,6535
15000,4,League,0,0,22.5,0.0,6023
10000,4,League,0,0,31.8,0.0,3681
10000,1,League,0,0,16.0,0.0,2026
30000,2,League,0,1,19.4,0.0,11368
15000,5,League,1,0,13.1,0.0,10288
10000,4,League,1,0,8.8,4.9,3048
50000,7,Cup,0,0,18.8,1.8,24597
15000,6,International,0,0,14.3,0.0,13623
10000,10,League,0,0,31.2,0.0,8697
15000,6,League,0,0,8.4,13.9,3069
30000,10,League,0,0,6.9,0.0,25558
50000,9,League,1,0,32.7,0.0,47231
50000,3,International,1,0,21.2,10.7,23955
15000,8,League,0,1,7.1,0.0,11550
5000,4,League,0,0,24.6,0.0,2302
5000,6,Cup,0,0,25.8,0.0,3212
20000,6,League,0,0,23.1,0.0,11255
30000,6,League,0,0,29.2,3.2,12296
30000,9,International,1,1,34.9,0.0,34227
15000,2,League,1,0,23.8,0.0,6411
15000,5,League,0,0,17.4,0.0,7970
5000,3,League,0,0,18.6,0.0,1717
5000,8,League,0,0,15.7,0.0,3768
10000,1,Cup,0,0,28.4,0.0,2564
30000,7,League,0,0,24.1,0.0,19583
5000,8,League,1,0,22.2,5.3,2834
15000,2,League,1,0,25.6,0.0,6546
30000,3,League,0,0,24.9,0.0,10470
50000,4,League,0,0,9.7,0.0,19010
15000,2,Cup,0,0,31.1,0.0,3717
50000,9,League,0,0,16.2,0.0,40468
10000,1,League,0,0,31.4,0.0,1412
20000,1,League,1,0,34.9,7.9,574
10000,6,League,1,0,12.0,0.0,7057
10000,5,League,0,0,21.6,0.0,5254
50000,10,International,0,0,15.7,0.0,57499
10000,6,Cup,0,0,27.5,0.0,6446
50000,8,League,0,0,27.0,0.0,35657
50000,2,League,0,0,20.4,0.0,13928
30000,9,League,1,0,6.9,0.0,26591
30000,6,League,1,0,7.7,0.0,20437
15000,10,League,0,0,25.5,0.0,13662
15000,5,League,0,0,27.9,0.0,7572
50000,6,League,0,0,13.3,0.0,29151
20000,8,Cup,0,0,13.1,0.0,15340
20000,3,International,0,0,16.1,0.0,12592
15000,1,League,1,0,5.6,0.0,4409
30000,9,International,1,0,19.6,0.0,34500
10000,5,League,0,0,17.2,0.0,5027
50000,1,League,0,0,10.2,0.0,8987
15000,6,League,0,0,31.5,0.0,8036
5000,3,International,0,1,15.7,0.0,3881
20000,10,Final,0,0,28.2,9.0,15490
50000,9,League,1,0,8.4,0.0,45715
30000,4,Cup,1,0,22.2,7.4,8238
15000,1,League,0,0,17.9,0.5,1100
20000,5,League,0,0,30.6,0.0,9355
10000,1,League,0,0,26.8,0.0,2204
30000,1,League,0,0,20.6,0.0,5811
50000,3,League,0,0,15.8,0.0,18359
30000,5,League,1,1,17.1,0.0,22386
15000,10,League,1,0,6.4,0.0,15224
5000,2,Final,0,0,9.5,0.0,2499
20000,10,League,0,0,5.9,0.0,17153
20000,1,League,0,0,31.8,0.0,3198
5000,4,International,0,0,16.2,0.0,3698
5000,3,Final,0,1,33.2,0.0,3406
10000,4,League,1,0,22.3,0.0,5847
30000,7,League,1,0,14.0,0.0,24636
15000,3,League,0,0,31.2,0.0,4389
10000,3,League,0,0,33.5,0.0,2751
50000,7,Final,0,0,34.2,0.0,42510
5000,6,League,0,0,9.7,0.0,2741
30000,3,Cup,0,0,31.4,0.0,10724
20000,4,International,1,0,15.3,4.9,14175
30000,3,International,1,0,25.7,10.8,14374
10000,2,League,0,0,6.1,0.0,2009
20000,2,League,0,0,26.2,0.0,5007
10000,9,League,0,0,9.4,0.0,7757
15000,1,Cup,0,0,13.2,6.8,468
20000,10,League,0,0,20.9,0.0,18086
20000,9,International,1,0,9.6,11.2,16927
15000,4,Cup,1,0,28.1,0.0,9542
50000,6,International,0,0,21.8,0.0,45502
30000,10,League,0,0,25.1,0.0,25930
30000,1,League,0,0,21.3,0.0,5276
5000,2,International,0,0,7.8,0.0,2670
10000,7,League,0,0,32.0,0.0,6109
20000,6,League,1,0,25.2,0.0,14814
50000,4,Cup,1,0,32.3,0.0,28996
50000,3,Cup,0,0,15.7,0.0,20365
20000,4,League,0,0,10.0,10.3,2144
50000,8,League,0,0,21.4,0.0,38151
5000,4,International,0,0,12.9,0.0,3663
30000,2,International,0,0,28.0,0.0,17119
30000,4,League,1,0,31.6,0.0,16454
20000,6,Final,1,0,9.4,0.0,18618
15000,4,League,0,0,20.8,0.0,6082
30000,4,League,0,0,14.2,0.0,12693
5000,9,League,0,0,18.3,0.6,3128
20000,10,League,0,0,23.8,0.0,17795
50000,7,League,0,0,26.1,11.5,15534
10000,6,League,1,0,8.9,0.0,6727
20000,8,League,1,0,15.2,0.0,18042
10000,10,League,0,0,14.3,0.0,9188
5000,5,League,0,0,6.1,0.0,2174
5000,9,League,0,0,6.0,0.0,3775
15000,3,Final,0,0,11.7,0.0,9451
20000,4,League,0,0,14.9,0.0,8290
50000,5,League,1,0,32.3,0.0,30357
50000,4,League,1,0,26.8,0.0,29805
5000,4,Cup,0,0,31.2,0.0,2302
5000,4,League,0,0,26.9,0.0,2197
15000,8,International,0,0,17.4,0.0,15979
50000,1,League,0,0,19.8,0.0,10078
50000,1,League,0,0,8.4,0.0,6548
5000,7,League,1,0,24.0,0.0,4079
15000,7,League,1,0,9.1,0.0,11093
15000,2,League,0,0,26.3,0.0,4389
15000,2,League,0,0,28.6,0.0,3754
50000,4,League,0,0,13.8,0.0,21794
10000,8,League,0,0,18.7,0.0,7560
30000,10,Cup,0,0,26.6,0.0,28576
5000,2,League,1,0,11.2,14.3,528
50000,8,League,1,0,32.6,8.8,24506
30000,4,League,0,0,27.7,0.0,12542
15000,5,League,0,0,19.5,0.0,7380
15000,9,International,0,0,34.2,0.0,15792
15000,5,League,0,0,18.9,0.0,7375
10000,7,Cup,0,0,15.5,0.0,7171
10000,9,International,1,0,6.6,0.0,11431
15000,6,International,1,0,22.1,8.2,10239
5000,8,League,0,0,33.6,0.0,3426
30000,7,Cup,0,0,25.8,0.0,22217
20000,10,League,0,0,13.3,0.0,17343
20000,7,League,0,0,10.6,2.6,9569
20000,5,Cup,0,0,21.5,5.4,4408
30000,7,League,1,0,33.7,0.0,23041
10000,8,League,1,0,5.6,0.0,8681
50000,4,League,0,0,18.0,0.0,21897
10000,7,League,0,0,13.0,0.0,6327
50000,3,League,0,0,17.1,0.0,16810
5000,7,League,0,0,30.9,0.8,2203
50000,8,League,0,0,15.6,0.0,37826
20000,2,Cup,1,0,12.0,0.0,9070
30000,2,League,1,0,9.2,0.0,11357
5000,10,League,0,0,28.9,0.0,4552
30000,6,League,0,0,14.2,7.1,7539
20000,8,League,0,0,27.8,0.0,14344
20000,5,League,0,0,28.0,0.0,9854
5000,3,International,0,0,33.8,12.8,1388
5000,9,League,1,0,10.3,0.0,4796
15000,1,Cup,1,0,33.4,0.0,4940
5000,1,International,0,0,20.3,0.0,2438
10000,3,League,0,0,18.8,0.0,3502
15000,7,International,0,0,9.2,0.0,14076
15000,6,League,0,0,14.3,0.0,8869
30000,4,Cup,0,0,8.0,0.0,12650
20000,6,Cup,1,0,5.4,0.0,14589
15000,5,League,1,0,18.1,0.0,9658
30000,3,League,0,0,27.0,0.0,10282
5000,2,International,0,0,13.2,0.0,2745
10000,7,League,0,0,8.7,8.6,2387
10000,1,International,0,0,17.4,13.4,1673
30000,9,League,0,0,6.9,2.1,17184
15000,10,League,1,0,34.7,0.0,14891
30000,8,League,1,0,18.1,0.0,26141
5000,2,League,0,0,17.8,0.0,1365
5000,7,League,0,0,10.2,0.0,3453
15000,4,League,0,0,5.7,2.9,2936
5000,3,League,0,0,26.2,0.0,1763
10000,2,League,0,0,17.6,0.0,2837
10000,10,League,1,0,32.7,0.0,9957
10000,6,League,1,0,17.9,3.3,5302
50000,6,International,0,0,15.6,0.0,45270
30000,10,League,0,0,14.2,0.0,26958
5000,3,League,0,0,29.0,0.0,1746
10000,5,League,0,0,13.5,0.0,4950
5000,6,Final,0,0,8.1,0.0,4001
5000,8,International,1,0,12.3,9.0,4061
15000,6,League,1,0,11.4,0.0,11165
5000,5,Final,0,0,16.6,0.0,3835
15000,4,League,0,0,21.9,0.0,6425
10000,10,Cup,0,0,22.9,0.0,9345
50000,10,League,0,0,30.5,0.0,43460
15000,10,League,0,0,23.7,4.1,10585
5000,4,League,1,0,7.7,0.0,2534
15000,1,League,1,0,33.0,1.1,1235
30000,6,League,0,0,31.8,8.7,6307
5000,5,League,0,0,33.5,0.0,2177
30000,1,League,0,0,33.6,0.0,4913
10000,2,League,0,0,14.1,0.0,2767
15000,5,League,0,0,8.7,0.0,7238
20000,1,League,1,0,25.8,9.4,1115
10000,1,League,1,0,16.4,0.0,3275
10000,9,International,0,0,34.3,0.0,10905
5000,4,League,0,0,24.7,8.6,279
10000,5,Cup,0,0,10.0,0.0,5741
5000,4,International,0,0,29.9,0.0,3526
15000,1,League,0,0,26.8,0.0,2850
20000,8,League,1,0,17.0,0.0,17420
30000,7,Final,1,0,25.6,0.0,31619
30000,10,League,0,0,11.4,0.0,26663
5000,4,International,0,0,17.6,0.0,3777
15000,2,League,0,0,24.3,5.6,710
5000,5,League,0,0,17.1,0.0,2572
5000,8,League,0,0,7.3,13.3,1772
20000,1,League,1,0,32.9,8.2,1377
50000,4,Final,1,0,15.5,0.0,40880
15000,8,Cup,0,0,22.2,0.0,12230
50000,6,League,0,0,14.9,7.8,10785
20000,3,League,0,0,24.0,0.0,6948
20000,9,International,0,0,6.8,0.0,21788
20000,10,League,0,1,31.7,0.0,18641
15000,3,League,1,0,22.8,0.0,7150
5000,5,League,1,0,31.8,0.0,2998
30000,2,League,0,0,11.1,0.0,7698
10000,6,League,0,0,11.0,0.0,5624
20000,10,International,0,0,18.7,0.0,23000
30000,2,Cup,0,0,17.8,0.0,10596
5000,3,International,0,0,13.5,0.0,3418
30000,9,League,1,0,25.1,0.0,28531
20000,5,League,1,0,22.7,0.0,13264
50000,5,League,0,0,21.0,0.0,24942
30000,8,Cup,0,0,16.5,0.0,24311
15000,10,Cup,0,0,13.4,0.0,14374
10000,2,Cup,0,0,29.2,0.0,3529
20000,8,Cup,0,0,20.2,0.0,15554
20000,5,League,1,0,12.1,0.0,13629
15000,1,League,1,0,22.8,0.0,5605
50000,10,League,0,0,7.7,0.0,42527
10000,7,League,0,0,30.9,0.0,6409
50000,6,League,0,0,31.6,12.1,9170
50000,8,League,0,0,6.1,0.0,35531
15000,10,League,0,0,19.6,0.0,13535
15000,8,League,1,0,14.4,0.0,13590
30000,6,Cup,1,0,19.5,6.3,13198
15000,1,League,0,0,18.6,0.0,3377
30000,10,League,0,1,14.5,1.2,22965
20000,7,International,0,0,16.7,0.0,18689
10000,9,League,0,0,28.6,0.0,7897
50000,1,League,0,0,12.9,0.0,10568
20000,10,League,1,0,32.6,6.1,12596
15000,2,League,1,0,7.5,0.0,5318
15000,1,League,0,0,12.9,0.0,3375
50000,10,Final,0,0,23.8,1.5,45991
15000,9,League,0,0,11.4,11.9,7145
30000,2,Final,0,0,26.0,0.0,15848
50000,4,League,0,1,15.1,8.8,9208
10000,4,League,1,0,9.1,0.0,5601
15000,1,International,1,0,33.7,11.4,3320
10000,5,Cup,0,0,13.6,12.3,2301
50000,1,League,0,0,23.0,0.0,10594
10000,4,League,0,0,16.1,0.0,4608
50000,8,League,0,0,22.8,0.0,36226
30000,5,League,0,0,8.0,0.0,13707
10000,1,League,1,0,14.1,0.0,3255
50000,9,Cup,1,0,27.2,4.8,39970
30000,1,League,0,0,17.0,10.6,930
10000,9,League,0,1,5.4,0.0,8703
5000,6,League,0,0,33.9,0.0,2542
15000,3,League,0,0,21.8,0.0,5336
50000,3,League,0,0,21.6,0.0,17453
5000,9,League,1,0,28.3,0.0,4685
15000,9,International,1,0,20.4,0.0,16891
30000,1,International,0,0,14.1,0.0,14955
20000,4,League,0,0,27.7,9.8,1531
15000,6,International,0,0,19.2,0.0,13018
10000,5,Cup,0,0,6.2,0.0,4885
15000,9,International,0,0,28.5,0.0,16717
50000,6,Cup,1,0,11.2,10.3,22832
15000,1,League,1,0,29.3,0.0,5110
10000,9,League,0,0,16.5,0.0,8339
30000,9,League,0,0,34.0,0.0,23474
5000,2,League,0,0,7.6,0.0,1113
30000,4,Cup,0,0,11.4,0.0,14399
30000,10,League,0,0,8.6,0.0,24773
30000,2,Cup,1,0,19.8,4.4,9086
15000,10,League,1,0,26.9,0.0,15816
50000,3,International,0,0,6.2,3.0,20326
20000,10,League,0,0,31.1,0.0,16829
10000,10,International,0,0,8.2,4.6,9178
50000,4,International,0,0,28.9,0.0,35152
5000,10,League,0,0,25.8,0.0,4369
20000,8,Final,1,0,28.0,0.0,23000
30000,10,Final,1,0,10.7,0.0,34500
50000,3,League,0,0,12.7,0.0,18593
50000,6,International,0,0,6.8,0.0,41669
20000,10,League,0,0,21.2,0.0,17957
30000,8,Final,0,0,21.4,3.2,23122
15000,6,International,0,0,11.3,0.0,13311
20000,7,International,1,0,34.5,0.0,21545
5000,5,Cup,1,1,5.4,0.0,3915
5000,2,League,0,0,25.8,0.0,1357
20000,8,League,0,0,33.5,0.0,13480
5000,1,League,0,0,32.9,5.4,393
30000,7,League,0,0,33.0,0.0,18307
30000,2,League,0,0,18.5,14.2,2103
50000,6,League,1,1,8.0,0.0,39148
30000,1,League,1,0,27.1,0.0,10144
30000,8,League,0,0,16.1,0.0,21841
20000,9,League,0,0,6.5,0.0,15091
10000,6,League,0,0,13.1,4.1,3599
5000,1,League,0,0,26.8,2.1,186
30000,2,League,0,0,17.4,0.0,8857
10000,5,International,1,0,21.3,11.7,6082
15000,3,League,1,0,34.9,0.0,6425
15000,8,League,0,0,32.7,0.0,9964
20000,3,League,0,0,20.8,0.0,7321
15000,2,League,0,0,20.1,0.0,4121
15000,4,League,0,0,15.1,0.0,6181
50000,6,International,0,0,5.7,0.0,43012
30000,3,League,1,0,26.5,3.1,9855
15000,9,League,1,0,25.4,14.3,9477
10000,3,League,0,0,34.0,0.0,3325
20000,7,League,0,0,24.6,0.0,13216
30000,4,League,0,0,8.6,0.0,11714
10000,7,International,0,0,20.8,0.0,9354
5000,6,League,0,0,7.6,0.0,2544
10000,2,Cup,1,0,27.7,0.0,4596
10000,6,League,1,0,23.5,0.0,7417
30000,1,Cup,0,0,30.1,0.0,5368
50000,8,League,0,0,13.1,0.0,36346
5000,8,Cup,0,1,20.7,0.0,4444
20000,6,League,0,0,32.8,0.0,10977
15000,7,League,0,0,21.1,0.0,10243
20000,9,International,1,0,18.1,0.0,22712
30000,4,Cup,1,0,24.5,3.8,12869
50000,10,League,0,0,9.3,0.0,42448
15000,2,Cup,0,0,15.0,0.0,5187
10000,7,League,0,0,18.6,0.0,6429
20000,7,League,0,0,23.1,0.0,13133
5000,3,Cup,0,0,15.7,0.0,2088
15000,10,Cup,1,0,33.5,0.0,15297
5000,10,League,1,0,18.5,0.3,4181
5000,7,League,0,0,21.7,0.0,3252
15000,4,Cup,0,0,34.6,0.0,6144
20000,8,League,0,0,29.3,0.3,10423
5000,5,League,0,0,33.7,0.0,2208
50000,6,League,0,0,13.2,0.0,29731
20000,3,League,1,0,20.9,0.0,10162
10000,8,League,1,0,8.3,0.0,8131
15000,3,League,0,0,22.3,0.0,5036
5000,5,League,0,0,25.4,0.0,2674
10000,1,League,0,0,16.7,0.0,2052
30000,7,League,0,0,25.8,7.2,10141
20000,9,League,0,0,10.1,5.4,9780
15000,5,League,1,0,14.9,0.0,9978
50000,4,League,1,0,28.0,0.8,18182
10000,2,League,0,0,26.3,0.0,2613
10000,3,League,0,1,30.0,0.0,4676
50000,9,League,0,0,8.7,0.0,36853
5000,7,League,0,0,13.5,12.9,1659
15000,5,League,0,0,15.2,0.0,7759
10000,5,League,1,0,16.8,0.0,6615
15000,3,League,1,0,30.4,6.0,1936
50000,5,League,0,0,20.3,0.0,24567
50000,3,League,0,0,23.5,0.0,17111
15000,8,League,0,0,28.8,0.0,10834
15000,9,League,0,0,17.5,9.7,7206
50000,10,League,0,0,28.3,0.0,45099
30000,7,League,1,0,21.7,0.0,24043
5000,1,Cup,1,0,9.1,0.0,1821
15000,4,Final,0,0,15.2,0.0,9778
10000,10,League,0,0,33.3,0.0,8325
50000,7,League,0,0,31.4,0.0,31098
15000,9,League,0,0,22.2,0.0,12327
30000,10,League,0,0,27.9,0.0,26807
50000,1,Final,1,0,16.4,0.0,30944
5000,3,League,1,0,34.6,0.0,2180
20000,2,International,0,0,20.1,0.0,11097
15000,9,International,0,0,31.2,0.0,15945
15000,4,Cup,0,0,14.9,0.0,7087
15000,9,League,0,0,7.0,0.0,11153
5000,6,League,0,0,27.8,13.0,1085
10000,9,Cup,1,0,30.3,0.0,9635
15000,8,Cup,1,0,23.8,10.0,9267
50000,7,League,0,1,30.6,0.0,35702
30000,10,Cup,0,0,23.8,0.0,27422
10000,10,League,0,0,28.1,0.0,9180
10000,10,League,0,0,7.5,0.0,8443
30000,3,League,0,0,17.5,3.9,3954
30000,2,League,1,0,31.8,0.0,11101
10000,7,Cup,1,0,23.2,0.0,8452
20000,4,League,0,0,17.6,0.0,8501
5000,6,League,0,0,28.7,6.0,1047
5000,5,League,0,0,16.1,0.0,2678
30000,2,International,0,0,26.3,0.0,16472
10000,8,League,0,0,25.4,0.0,7431
20000,6,Cup,1,0,27.7,0.0,15145
5000,1,League,1,0,22.0,0.0,1856
5000,4,League,0,0,24.3,12.2,464
50000,10,League,0,0,33.3,0.0,41352
20000,5,League,0,0,5.1,0.0,9601
5000,6,League,0,0,6.7,0.0,2605
50000,8,League,0,0,15.8,7.0,18096
50000,10,League,1,0,8.7,0.0,50419
15000,3,League,1,0,17.7,0.0,7409
50000,1,League,0,0,11.6,4.4,2682
50000,7,League,0,0,13.7,0.0,33879
15000,8,League,0,0,27.9,0.0,11182
10000,2,League,0,0,15.8,0.0,3017
20000,6,League,0,0,33.2,0.0,10409
15000,1,League,1,0,31.8,0.0,4341
30000,9,League,1,0,5.2,0.0,27482
10000,10,League,0,0,11.4,0.0,8997
15000,6,League,0,0,28.3,0.0,8879
50000,8,League,0,0,31.6,0.0,33990
30000,4,League,0,0,9.2,0.0,10822
20000,5,League,0,0,29.0,0.0,10422
30000,7,League,1,0,24.2,0.0,24745
5000,4,League,1,0,32.1,0.0,2654
30000,8,Cup,0,0,18.5,0.0,22792
15000,5,League,0,0,34.8,0.0,6733
10000,8,League,0,0,6.7,0.0,6932
30000,9,League,0,0,9.6,12.3,13094
10000,7,League,0,0,34.7,0.0,6321
20000,1,League,1,0,13.7,0.0,7052
10000,5,League,1,0,28.4,0.0,6648
5000,3,Cup,0,0,11.7,0.0,1968
10000,1,League,0,0,25.8,0.0,1877
15000,4,League,0,0,8.8,0.0,5984
50000,6,League,0,0,24.6,0.0,29650
15000,1,League,0,0,30.1,0.0,2393
50000,10,League,1,0,13.5,0.0,51339
10000,10,International,1,0,20.7,0.0,11452
20000,3,League,0,0,5.0,0.0,5776
5000,10,Cup,0,0,28.4,0.0,4730
30000,6,League,0,0,18.7,0.0,16668
20000,8,Cup,0,0,10.6,0.0,15961
10000,6,League,0,0,28.3,0.0,5741
5000,2,League,1,0,23.6,0.0,2010
15000,10,League,1,0,15.0,0.0,15505
30000,7,League,0,0,17.6,8.5,9939
5000,7,League,0,0,23.0,13.4,1519
15000,8,League,0,0,7.0,0.0,10023
30000,10,League,0,0,17.8,7.4,15976
10000,7,League,0,0,30.0,0.0,6820
5000,10,League,1,0,31.1,0.0,4968
5000,4,League,1,0,14.8,0.0,2756
20000,7,Cup,0,0,6.5,0.0,13803
10000,5,League,0,0,22.6,7.1,1487
15000,5,League,0,0,27.1,0.0,8010
15000,10,League,0,0,20.7,8.1,8444
20000,3,League,0,0,26.7,0.0,6700
15000,4,Cup,1,0,24.0,0.0,9384
5000,4,League,1,0,16.6,1.4,1824
30000,4,League,0,0,9.4,14.0,1111
50000,9,League,0,0,12.6,0.0,42121
5000,4,League,0,0,28.4,0.0,2124
5000,4,Cup,0,0,6.0,0.0,2115
5000,10,League,0,0,11.7,4.6,3583
30000,1,League,1,0,14.1,0.0,10268
15000,4,Cup,1,0,8.4,0.0,8695
50000,9,League,0,0,17.7,0.0,39356
10000,6,League,0,0,7.3,0.0,5261
30000,6,League,0,0,34.4,0.0,16370
10000,10,League,0,0,14.1,0.0,9148
30000,9,International,0,0,21.9,0.0,32737
5000,8,League,1,0,25.6,0.0,4519
20000,5,League,1,0,29.3,0.0,12567
30000,4,League,0,0,20.3,0.0,12500
50000,7,League,0,0,9.9,0.0,30502
10000,8,League,0,0,25.5,0.0,7229
50000,1,Cup,0,0,26.9,0.0,12949
15000,2,League,0,0,20.4,0.3,1200
20000,5,International,1,0,22.6,0.0,18897
5000,1,Cup,1,0,31.7,0.0,1851
50000,9,League,0,0,26.1,0.0,39978
50000,7,League,0,0,26.1,0.0,33895
20000,2,International,0,0,19.1,12.9,4814
50000,7,Cup,0,0,14.3,0.0,35517
10000,10,League,0,0,33.8,0.0,8506
50000,4,International,1,0,29.9,0.0,43606
5000,6,International,1,0,6.8,13.2,3209
10000,3,League,0,0,31.3,0.0,2742
30000,2,League,0,0,23.1,0.0,8410
20000,1,League,0,0,8.0,0.0,3102
20000,10,League,0,0,16.1,0.0,17418
50000,1,League,0,0,5.7,0.0,6468
50000,1,League,1,0,19.5,0.0,18288
5000,2,League,1,0,27.4,0.0,2041
20000,10,Cup,0,0,13.2,0.0,18851
10000,8,Cup,0,0,13.3,1.6,6166
20000,2,Cup,0,0,20.0,0.0,6370
50000,4,International,0,0,33.4,0.0,34790
30000,5,League,0,0,17.4,0.0,14961
15000,8,League,1,0,22.1,0.0,13159
5000,6,Cup,1,0,21.5,3.1,3010
5000,10,International,0,0,16.9,0.0,5750
15000,6,League,0,1,13.2,0.0,10378
30000,8,League,0,0,15.1,0.0,22607
5000,6,League,0,0,26.8,6.0,1074
20000,9,League,0,0,21.7,0.0,15737
10000,1,Final,1,0,27.6,0.0,5917
20000,8,Cup,1,0,6.1,0.0,17280
10000,7,League,0,0,31.3,0.0,6276
30000,4,International,0,0,29.1,0.0,21049
10000,7,League,0,0,10.0,0.0,6425
30000,5,League,0,0,11.9,0.0,14832
10000,5,League,0,0,11.9,8.3,1805
5000,9,International,1,0,24.5,0.0,5734
15000,3,International,1,1,33.4,0.0,13191
15000,2,League,0,0,5.7,0.0,3260
30000,9,Cup,0,0,6.8,0.0,24924
10000,2,League,0,0,11.0,0.0,2730
20000,6,Cup,0,0,29.7,0.0,12382
30000,2,League,0,0,19.8,0.0,8902
30000,1,Cup,1,0,12.5,4.5,5678
15000,6,League,1,0,14.7,0.0,11048
10000,5,League,0,0,21.6,0.0,4908
5000,5,League,0,0,6.7,0.0,2155
30000,2,League,0,0,17.1,0.0,8455
50000,3,International,0,0,6.8,0.0,29650
30000,2,League,0,0,22.9,0.0,8255
10000,4,International,1,0,23.1,0.0,9060
5000,6,League,1,0,10.9,0.0,3781
50000,5,League,0,0,7.2,0.0,23425
50000,10,League,0,0,18.8,0.0,44009
5000,8,League,0,0,12.6,0.0,3835
15000,2,Cup,0,0,21.8,0.0,5156
30000,6,League,0,0,18.0,0.0,17375
50000,7,League,1,0,21.0,0.0,41341
50000,7,League,1,0,28.4,0.0,39816
5000,8,Cup,0,0,17.5,0.0,3998
15000,2,League,0,0,33.2,0.0,3322
50000,10,Final,0,0,6.0,1.5,44903
20000,5,Cup,0,0,27.2,0.0,10828
15000,4,League,0,0,23.6,0.0,6811
30000,3,League,1,0,20.8,0.0,14317
20000,1,League,0,0,22.0,0.0,3810
5000,8,League,0,0,24.5,0.0,3777
10000,8,League,0,0,28.6,0.0,7301
10000,4,League,0,0,9.0,0.0,3732
5000,3,International,0,0,10.0,0.0,3184
50000,1,League,1,0,19.1,0.0,16565
30000,7,League,1,0,34.6,3.0,17483
10000,10,League,0,0,27.2,0.0,9201
5000,1,League,0,0,26.2,8.7,197
50000,1,Final,0,0,9.2,0.0,20999
50000,2,League,0,0,12.2,8.0,2437
10000,3,League,0,0,18.1,11.1,292
20000,3,League,1,1,13.8,7.6,4871
20000,7,Cup,1,0,32.1,8.4,8907
20000,10,Cup,0,0,29.5,1.9,14763
5000,9,League,0,0,16.2,0.4,3222
30000,9,International,0,0,29.5,2.8,27863
50000,5,League,0,0,24.6,0.0,25723
30000,3,Final,0,0,12.9,0.0,18679
15000,5,League,1,0,18.0,0.0,9583
15000,7,Final,1,0,7.5,0.0,15565
30000,5,League,0,0,10.2,0.0,14440
50000,4,League,0,0,20.1,0.0,20714
5000,6,League,0,0,25.8,14.2,1077
10000,3,Cup,0,0,28.4,7.7,310
50000,10,League,0,0,12.6,0.0,43886
5000,5,Cup,1,1,11.6,0.0,4025
10000,4,League,1,0,33.8,0.0,5582
30000,9,League,0,0,8.3,7.7,13333
15000,4,League,0,0,29.3,2.4,3612
20000,2,League,0,0,28.6,0.4,1623
5000,2,League,0,0,21.8,0.0,1390
30000,1,League,0,0,31.9,12.7,944
50000,3,League,1,0,15.9,9.5,7265
20000,5,League,1,0,13.8,0.0,13023
20000,4,League,0,0,21.0,12.2,1029
5000,7,League,0,0,34.7,0.0,3089
10000,2,League,0,0,34.7,0.6,461
10000,8,Cup,0,0,32.3,0.0,7497
50000,9,League,0,0,8.0,0.0,39208
30000,9,Cup,1,0,22.8,0.6,24610
30000,2,International,1,0,29.9,0.0,21601
30000,6,League,0,0,28.7,0.0,16869
5000,1,League,0,0,32.3,0.0,731
20000,8,League,0,0,11.2,0.0,14718
50000,3,Cup,0,0,20.7,0.0,20935
30000,10,Final,0,0,11.6,0.0,34437
15000,1,League,1,0,29.6,0.0,5566
15000,1,League,1,0,11.1,0.0,5504
10000,8,Cup,0,0,10.0,0.0,7726
10000,4,Cup,0,0,19.2,0.0,4767
5000,5,League,0,0,31.6,0.0,2278
5000,6,League,0,0,25.3,0.0,2870
50000,9,League,0,0,12.0,0.0,40356
15000,4,League,1,0,32.4,0.0,8134
20000,6,League,1,0,21.9,0.0,14712
20000,7,League,0,0,23.7,9.9,6308
10000,5,League,0,0,19.2,0.0,5379
10000,7,League,0,0,12.6,0.0,6902
30000,10,League,0,0,33.5,0.0,25870
15000,8,League,0,0,5.6,10.7,5523
30000,1,League,1,0,27.6,0.0,10421
10000,3,League,1,0,16.4,0.0,5127
15000,3,League,0,0,21.9,14.2,814
30000,4,League,0,0,14.2,0.0,13529
30000,9,League,0,0,21.4,11.3,14050
20000,9,League,0,0,29.9,0.0,16686
15000,1,League,0,0,12.7,5.8,1002
5000,3,League,1,0,17.9,0.0,2589
10000,10,League,1,0,31.9,0.0,10169
20000,4,League,0,0,19.1,14.1,1385
20000,10,League,0,0,13.6,0.0,17863
5000,5,League,0,0,21.7,0.0,2468
20000,2,Cup,0,0,12.4,1.3,2346
10000,10,League,0,0,30.5,0.0,8711
50000,7,International,1,0,22.8,0.0,56483
15000,1,League,1,0,12.5,0.0,5318
15000,8,League,0,0,11.7,8.4,5434
15000,8,League,0,0,26.4,0.0,10790
30000,6,League,0,0,14.6,0.0,17051
20000,10,League,0,0,19.3,0.0,18374
20000,5,League,0,0,34.7,0.0,8648
10000,2,League,1,0,9.9,0.0,3995
50000,8,League,1,0,9.6,0.0,42153
5000,2,League,0,0,21.2,0.0,1341
20000,4,League,0,0,15.9,0.0,8458
10000,8,Final,0,0,8.9,0.0,9305
15000,3,League,0,0,20.8,0.0,5225
10000,8,League,0,1,34.2,0.0,7636
30000,5,League,1,0,5.9,0.0,18566
5000,8,League,1,0,10.9,0.0,4563
20000,8,Cup,0,0,29.9,0.0,16331
20000,2,League,0,0,10.5,0.0,5381
15000,5,League,0,0,30.2,0.5,3639
20000,1,League,0,0,17.9,14.3,1198
50000,6,Cup,0,0,13.4,6.5,13276
50000,7,League,1,0,11.0,0.0,41289
20000,9,International,1,0,18.5,0.0,23000
30000,2,International,0,0,29.7,1.3,11429
10000,10,League,0,0,14.0,0.0,8667
50000,2,Cup,0,0,20.0,0.3,7304
50000,2,Final,0,0,20.9,0.0,25289
15000,7,International,0,0,14.8,0.0,14287
15000,1,League,1,0,17.6,12.9,754
10000,3,Final,1,0,10.9,0.0,7390
5000,10,International,0,0,26.4,0.0,5750
5000,7,League,0,0,15.2,0.0,3209
15000,6,League,0,0,9.2,0.0,7669
30000,3,League,0,0,29.7,0.0,10732
15000,8,League,0,0,30.2,1.3,7572
30000,4,League,1,0,20.6,0.0,16928
15000,3,League,1,0,12.0,0.0,7943
20000,4,League,0,1,24.4,0.0,10360
20000,9,League,0,0,25.0,4.1,12473
30000,10,League,0,0,19.0,0.0,26596
50000,1,International,0,0,15.5,0.0,25108
30000,5,League,0,0,20.3,0.0,16077
15000,4,League,1,0,24.8,0.0,8589
50000,6,League,1,0,31.8,0.0,34296
5000,8,International,0,0,25.4,0.0,5112
20000,4,League,0,0,31.3,0.0,8103
5000,4,League,0,0,24.3,0.0,2285
50000,9,Cup,0,0,7.6,6.3,23402
15000,1,International,0,0,10.9,0.0,7792
10000,8,League,1,0,23.2,8.6,5269
50000,3,International,1,0,33.3,0.0,38880
20000,2,Final,0,0,10.1,0.0,9972
20000,3,League,0,0,33.0,0.0,6595
5000,7,Cup,0,0,29.4,0.0,3553
30000,8,League,0,0,23.9,0.0,21973
20000,7,League,0,0,31.5,0.0,11954
30000,1,League,1,0,13.5,0.0,10611
15000,1,League,1,0,12.3,0.0,5308
10000,9,League,0,0,8.4,0.0,7541
5000,4,International,0,0,18.2,0.0,3749
50000,1,League,0,0,25.0,0.0,9658
30000,6,League,0,0,6.0,0.0,15802
15000,3,League,0,0,5.2,11.1,1182
30000,9,League,1,0,8.7,0.0,26956
20000,6,International,1,0,6.2,0.0,20262
5000,1,League,0,0,31.6,0.0,609
15000,5,League,0,0,20.8,12.4,2079
5000,1,League,0,0,26.8,0.0,1111
15000,8,Cup,0,0,27.1,0.0,11977
20000,4,League,0,0,28.3,0.0,9018
30000,4,Cup,1,0,13.6,0.0,18742
10000,2,Cup,1,0,26.1,0.0,4763
10000,6,International,0,0,11.3,0.0,8614
30000,6,International,0,0,20.8,0.0,26595
5000,1,League,0,0,28.0,0.0,952
10000,3,League,0,0,22.7,0.0,3741
10000,8,League,0,0,13.5,0.0,7192
20000,8,League,1,0,5.0,8.6,10020
50000,6,League,1,0,16.5,0.0,35664
20000,6,League,0,0,19.6,0.0,11253
5000,7,Cup,0,0,15.7,0.0,3448
20000,1,International,0,0,14.0,0.2,5712
10000,3,League,0,1,31.4,0.0,3844
10000,4,League,0,0,11.3,0.0,4355
20000,3,League,1,1,29.0,0.0,12167
5000,4,League,1,0,34.4,10.7,894
30000,1,League,0,0,28.6,3.4,2297
15000,10,League,0,0,24.9,0.0,13142
50000,10,Final,0,0,24.5,0.0,57013
5000,3,League,0,0,34.7,10.1,107
20000,10,Cup,0,0,11.9,9.8,12294
5000,7,League,1,0,6.3,7.8,2097
10000,4,International,1,1,27.0,0.0,9667
20000,8,League,0,0,22.5,11.1,8139
50000,7,League,0,0,32.7,0.0,31463
5000,2,League,0,0,7.0,13.1,395
15000,9,League,0,0,14.5,0.0,12414
15000,10,League,0,0,19.1,0.0,13458
50000,3,League,1,0,16.4,0.0,25364
20000,7,League,1,1,8.7,0.0,17836
20000,5,League,0,0,27.7,0.0,9878
30000,6,League,0,0,14.6,0.0,16732
5000,10,League,0,0,23.1,0.0,4611
10000,3,League,0,0,10.5,0.0,3829
5000,2,League,0,0,10.6,0.0,1286
20000,10,League,1,0,24.9,1.8,16441
5000,6,League,1,0,24.8,0.0,3726
30000,1,Cup,0,0,22.4,0.0,6854
20000,7,League,0,0,25.0,0.0,13481
30000,7,Cup,0,0,17.4,0.0,22238
15000,1,Cup,0,0,19.5,0.0,4099
15000,6,International,0,0,27.3,5.9,7780
10000,6,League,1,0,31.4,0.0,7096
20000,8,League,1,0,18.9,0.0,17711
5000,4,Cup,0,0,9.4,0.0,2084
15000,7,International,0,0,26.6,0.0,14028
5000,3,League,0,0,22.3,0.0,1908
10000,10,League,0,0,29.3,0.0,9043
15000,7,League,0,0,34.2,0.0,9003
15000,7,League,1,0,23.9,0.0,11992
50000,5,International,1,0,13.7,0.0,46455
10000,5,League,0,0,15.4,0.0,5290
10000,9,League,0,0,13.9,0.0,8151
10000,5,League,0,0,25.6,0.0,5307
10000,8,League,0,0,9.4,0.0,6841
30000,9,Cup,0,0,8.2,13.4,13720
50000,6,League,1,0,30.0,0.0,37532
5000,2,Cup,1,0,28.1,0.0,2467
10000,1,League,0,0,34.9,0.0,1424
15000,7,League,0,0,15.0,0.0,10026
20000,1,Final,0,0,22.8,12.2,1943
10000,3,League,0,0,17.6,0.0,3531
10000,1,League,0,0,33.7,3.5,329
10000,5,Cup,1,0,25.3,0.0,6879
20000,4,League,1,0,27.1,0.0,11861
50000,1,League,0,0,31.6,0.0,8885
10000,5,Cup,0,0,11.8,0.0,5877
20000,7,League,0,0,24.6,0.0,13136
10000,4,League,0,0,27.2,2.9,2204
30000,10,International,0,0,9.2,0.0,34436
15000,1,League,1,0,17.3,0.0,4837
10000,9,League,1,0,7.5,0.0,9312
50000,2,League,0,0,31.6,0.0,11583
10000,10,League,0,0,28.3,0.0,8852
20000,5,Final,0,0,29.1,0.0,15001
15000,6,League,0,0,21.7,0.0,9167
30000,4,League,0,0,31.3,2.8,4629
15000,10,League,1,0,27.3,0.0,16086
15000,3,League,1,0,30.6,0.0,6698
20000,1,League,0,0,16.0,10.6,1024
50000,3,League,0,0,22.2,0.0,16702
20000,1,International,0,0,26.6,9.6,3572
5000,2,Cup,0,0,32.9,0.0,1399
50000,5,League,0,0,23.4,0.0,25580
20000,8,Cup,1,0,14.0,0.0,19225
30000,9,Final,1,0,13.7,0.0,34153
50000,6,League,0,0,10.9,0.0,29939
30000,8,League,0,0,16.3,0.0,22451
20000,4,League,0,0,33.3,0.0,8109
10000,5,League,0,0,34.3,0.0,4613
10000,7,Final,0,0,15.5,2.1,7069
50000,1,Final,1,0,25.0,0.0,29519
30000,5,League,1,1,31.1,0.0,20555
50000,10,Cup,0,0,10.0,7.5,29034
30000,7,League,0,1,18.8,1.8,17704
5000,7,Cup,0,0,12.0,0.0,3662
50000,8,Cup,0,0,15.4,0.0,39306
30000,9,League,0,0,32.0,0.0,22763
5000,8,League,1,0,9.3,0.0,4160
50000,1,League,1,0,30.2,0.0,15948
10000,3,Cup,0,0,15.0,0.0,3824
5000,10,League,0,0,27.1,0.0,4489
15000,1,League,0,0,21.0,9.8,806
50000,4,League,0,0,30.8,0.0,18199
20000,6,League,0,0,16.5,0.0,11101
50000,4,League,1,0,15.0,3.4,19579
10000,8,League,1,0,19.2,0.0,8669
5000,3,League,0,0,13.5,3.1,769
10000,9,Cup,0,0,5.7,0.0,8156
30000,3,League,0,0,9.6,9.8,1284
50000,6,League,0,0,22.3,0.0,29584
5000,4,Cup,0,0,27.2,0.0,2349
15000,2,League,1,0,13.2,0.0,6532
15000,6,League,1,0,29.2,0.0,11416
30000,2,International,0,0,6.5,0.0,15293
10000,10,International,0,0,34.8,0.0,11500
15000,10,Final,0,0,6.6,9.1,11168
15000,6,League,0,0,9.0,0.0,8289
20000,10,Final,0,0,20.9,0.0,22948
10000,3,Cup,1,0,24.9,3.6,3429
20000,9,League,1,0,16.6,0.0,19574
15000,9,League,0,0,17.9,0.0,12387
5000,6,Final,0,0,33.4,5.8,2121
15000,10,League,0,0,19.5,0.0,13447
15000,9,International,0,0,26.5,0.0,17070
5000,9,League,0,0,9.2,0.0,3973
50000,6,League,1,0,31.6,0.0,34068
5000,9,League,1,0,20.5,0.0,4880
5000,7,League,0,0,6.2,0.0,2927
30000,10,League,0,1,27.6,0.0,29494
10000,2,Cup,0,0,22.5,0.0,3098
5000,8,League,0,0,11.0,0.0,3812
30000,9,League,0,0,8.6,0.0,23720
15000,3,Final,1,0,6.4,0.0,10199
5000,3,League,1,0,31.9,0.0,2311
10000,10,International,0,0,22.1,0.0,11500
5000,4,International,0,0,28.4,0.0,3599
10000,4,League,0,0,30.6,0.0,4106
5000,8,Cup,0,0,19.5,0.0,3939
50000,2,International,0,0,5.1,0.0,27368
20000,10,Cup,1,0,13.6,0.0,22451
10000,6,International,1,0,20.9,0.0,10184
50000,1,League,0,0,29.5,3.6,1918
5000,5,Cup,0,0,19.6,3.3,1837
20000,4,League,0,0,21.5,0.0,9151
10000,4,Cup,0,0,16.3,0.0,4642
20000,5,League,0,1,29.8,0.0,12096
50000,6,Cup,1,0,20.8,0.0,37813
5000,10,Final,1,0,14.7,0.0,5750
5000,4,International,0,0,13.4,0.0,3507
20000,4,League,0,0,13.8,0.0,9146
30000,2,League,0,0,19.3,0.0,8663
10000,8,International,0,0,15.3,0.0,10577
15000,6,League,0,0,24.7,10.0,3597
20000,7,League,1,0,10.0,0.0,15848
10000,10,League,1,0,24.9,0.0,10312
15000,3,League,0,0,16.4,0.0,5416
20000,9,League,0,0,19.8,11.6,9072
15000,4,League,0,0,16.3,0.0,6477
15000,3,League,0,0,20.3,12.9,721
5000,5,International,0,0,29.7,0.0,4050
15000,5,League,1,0,8.4,0.0,9403
10000,1,League,1,0,8.7,0.0,2930
5000,10,League,0,0,8.7,0.0,4207
15000,2,League,0,0,16.8,0.0,3716
15000,9,League,0,0,13.3,0.0,12677
30000,7,International,0,0,20.2,0.0,28865
20000,3,Cup,0,1,17.5,0.0,10280
30000,5,League,1,0,34.8,0.0,18298
50000,2,League,1,0,22.6,2.1,10975
10000,10,Cup,0,0,32.7,0.0,8760
15000,10,League,0,0,24.7,0.0,13317
50000,7,International,0,0,22.6,0.0,48313
10000,5,League,0,0,5.7,0.0,4808
20000,3,League,0,0,18.8,0.0,6613
30000,5,League,1,0,23.9,14.0,8874
50000,2,League,1,0,30.5,0.0,18458
5000,6,League,0,0,29.9,0.0,2882
15000,5,League,0,0,23.2,0.0,7400
10000,10,International,0,0,31.0,0.0,11284
5000,10,League,0,0,29.2,0.0,4511
15000,2,League,0,0,34.7,13.1,541
30000,10,Final,1,0,20.7,0.0,34500
15000,6,League,1,0,19.7,0.0,10732
30000,1,League,0,0,32.6,0.0,5212
30000,2,League,0,0,16.8,0.0,7599
15000,7,Final,0,0,10.0,0.0,13617
50000,10,League,0,0,10.3,12.7,26081
50000,10,International,0,0,15.2,0.0,57499
50000,8,League,1,0,12.7,5.0,33139
30000,6,Cup,1,0,25.9,13.0,12685
15000,4,League,0,0,24.6,0.0,6286
20000,2,Cup,0,0,32.0,0.0,5486
10000,9,League,0,0,21.7,0.0,7913
10000,3,League,0,0,33.6,0.0,3311
30000,3,League,0,0,27.4,0.0,10132
30000,4,Final,1,0,11.4,7.9,13937
50000,8,Cup,1,0,19.2,0.0,46126
20000,8,International,0,0,9.0,0.0,19474
20000,2,League,0,0,21.7,0.0,5450
5000,3,League,0,0,21.3,0.0,1830
15000,8,League,0,0,14.3,0.0,10806
50000,4,Final,0,0,31.3,0.0,30061
20000,9,League,1,0,5.8,0.0,17747
50000,8,League,1,0,34.8,12.1,23666
20000,8,Cup,0,0,8.2,0.0,14538
20000,9,League,0,0,29.0,0.0,16555
30000,2,Cup,0,1,29.7,0.0,12298
30000,3,League,0,0,14.5,0.0,10565
5000,5,Cup,0,0,11.8,3.2,1812
5000,9,International,1,0,21.8,0.0,5750
30000,7,League,1,0,18.8,0.0,24952
15000,9,League,0,0,31.4,0.0,11366
20000,1,League,0,0,22.7,0.0,4103
15000,9,League,0,0,17.4,0.0,12312
10000,8,League,0,0,5.1,14.1,3683
5000,9,League,0,0,30.3,0.0,3925
30000,7,League,1,0,14.0,0.0,24925
20000,8,International,1,0,24.5,0.0,23000
50000,6,International,0,0,27.3,12.8,26360
15000,10,League,0,0,12.2,0.0,13662
15000,8,League,0,0,22.5,0.0,10994
50000,3,League,0,0,22.6,0.0,17548
30000,10,League,0,0,32.0,8.0,14830
20000,9,League,1,0,33.7,0.0,18782
50000,10,Cup,1,0,21.9,0.0,54165
30000,1,League,0,0,7.8,7.7,1378
30000,2,League,0,0,14.2,8.4,1538
50000,10,League,0,0,8.2,0.0,42379
30000,2,League,0,0,29.0,0.0,8113
5000,5,League,0,0,19.3,0.0,2503
15000,9,League,1,0,33.6,0.0,13639
5000,3,League,1,0,18.9,0.0,2605
20000,10,League,0,0,21.9,0.0,18240
10000,4,League,0,0,18.8,0.0,4217
20000,2,League,0,0,31.5,0.0,4156
50000,6,International,0,0,19.0,0.0,43175
15000,2,League,0,0,19.7,0.0,3836
5000,6,Final,1,0,16.8,0.0,4992
10000,4,Cup,1,0,29.9,0.0,6356
50000,7,League,0,0,19.8,0.0,33256
50000,1,League,0,0,21.6,9.5,3215
15000,7,League,0,0,23.8,0.0,9612
5000,4,League,0,0,20.3,0.0,2276
10000,10,League,0,0,13.5,0.0,9101
10000,8,League,1,0,8.7,0.0,8501
20000,1,League,1,0,23.9,0.0,6832
30000,10,League,0,0,19.3,0.0,26205
50000,5,Final,0,0,7.8,0.0,34615
15000,6,League,0,0,17.2,0.0,8455
50000,4,League,0,0,17.0,0.0,22925
5000,9,Final,0,0,5.7,0.0,5223
50000,8,League,1,0,8.2,0.0,42388
10000,9,International,1,0,26.7,0.0,11500
50000,1,League,0,0,14.6,0.0,9240
5000,10,League,0,0,24.6,0.0,4516
20000,2,League,0,0,9.9,13.2,666
5000,2,League,0,0,28.7,0.0,1484
5000,6,International,0,0,17.4,0.0,4425
5000,5,International,1,0,27.8,0.0,4882
10000,8,League,1,0,24.3,0.0,8657
50000,1,League,0,0,15.3,7.0,3484
20000,7,Cup,0,0,34.8,0.0,13345
10000,5,International,0,0,32.0,0.0,7421
15000,10,Cup,0,0,33.7,0.0,13179
5000,5,Final,0,0,10.3,0.0,3780
10000,3,League,1,0,16.4,0.0,5072
10000,6,League,1,0,26.0,0.0,7346
15000,10,League,0,0,28.3,7.8,8058
50000,3,International,0,0,10.7,0.0,32506
50000,2,League,0,0,30.2,0.0,10340
5000,8,League,0,0,33.7,0.1,2529
15000,4,League,0,0,28.4,8.9,1616
10000,5,League,1,0,18.9,14.3,3284
20000,6,League,1,0,21.5,0.0,14303
20000,7,League,0,0,8.9,0.0,12148
50000,1,League,0,0,23.8,0.0,9693
30000,1,International,0,0,30.5,0.0,14374
15000,8,League,0,0,15.0,0.0,10669
20000,3,League,0,0,18.0,8.1,712
50000,9,League,1,0,29.2,0.0,47500
20000,10,Cup,1,0,14.3,0.0,21416
30000,8,League,0,0,18.4,0.0,21780
20000,8,Cup,0,0,8.9,0.0,14283
20000,2,League,0,0,18.6,13.2,1159
50000,8,League,0,0,30.5,0.0,35400
5000,7,International,0,0,31.0,0.0,4422
20000,5,Cup,1,0,11.2,0.0,14478
20000,2,International,1,0,26.4,0.0,14307
10000,8,League,0,0,32.5,0.0,6817
15000,2,Cup,0,0,13.4,12.5,719
30000,7,Final,0,0,17.6,0.0,27801
30000,1,League,0,0,13.1,0.0,6221
5000,7,International,0,0,33.1,0.0,4553
50000,2,International,1,0,8.4,0.0,34497
30000,4,League,1,0,20.9,0.0,17315
50000,2,League,0,0,27.1,14.6,1890
20000,5,League,0,0,7.3,0.0,8652
10000,4,League,0,0,10.6,0.0,4210
10000,6,League,0,0,10.1,1.1,3796
50000,6,League,0,0,9.6,0.0,26337
10000,10,League,1,0,20.5,0.0,10345
20000,9,League,1,1,12.3,0.0,21516
15000,5,League,0,0,14.8,0.4,4499
15000,7,League,0,0,25.9,1.0,6716
50000,7,Cup,0,0,13.2,0.0,34808
50000,4,League,0,0,6.9,5.5,2883
20000,7,League,0,0,34.5,0.0,12079
30000,4,League,1,0,18.8,0.0,16981
50000,9,League,1,0,19.7,0.0,49283
10000,8,League,0,0,32.5,0.0,6880
20000,4,League,0,0,31.9,0.0,7571
20000,2,Cup,0,0,10.0,0.0,6540
5000,9,League,0,0,34.0,7.8,2073
15000,2,League,0,0,12.9,0.0,3853
5000,3,League,1,0,21.3,0.0,2660
30000,10,League,1,0,15.3,0.0,31003
30000,7,Cup,0,0,10.8,0.0,20588
20000,5,League,0,0,15.1,2.1,5677
10000,3,League,0,0,17.3,0.0,3801
30000,5,League,0,0,5.4,0.0,13249
5000,6,League,0,0,9.9,0.0,2730
30000,10,League,1,0,16.2,0.0,31672
15000,10,Final,1,0,22.5,0.0,17250
5000,5,League,0,0,5.4,1.6,1382
30000,8,Cup,0,0,33.0,0.0,22884
30000,5,League,0,0,24.3,0.0,14984
30000,5,Cup,0,0,29.7,0.0,16857
20000,1,League,0,0,10.4,0.0,3688
50000,5,Final,1,0,31.5,0.0,43949
15000,9,League,1,0,26.7,0.0,14214
15000,8,League,0,0,8.2,0.0,9982
10000,4,League,0,0,7.2,0.0,4033
30000,10,League,0,0,23.9,0.0,26513
10000,6,League,0,0,11.0,0.0,5834
50000,10,League,0,0,31.2,0.0,41489
10000,3,League,1,0,17.6,0.0,5300
50000,10,League,1,0,32.3,0.0,49066
5000,9,Cup,0,0,7.7,0.0,4163
15000,10,League,0,0,33.5,7.5,7785
15000,1,League,0,1,7.3,0.0,3808
5000,3,League,0,0,15.8,0.0,1735
10000,5,League,0,0,11.5,0.0,5354
10000,8,League,1,0,15.9,0.0,9189
30000,10,League,1,0,17.9,0.0,30914
50000,3,Cup,0,0,31.4,10.3,2641
5000,10,League,0,0,29.7,0.0,4536
15000,7,League,0,0,26.7,12.6,4889
30000,9,League,0,0,27.9,0.0,25135
15000,3,League,0,0,32.8,0.0,4419
10000,7,League,1,0,25.9,0.0,8169
10000,2,League,1,0,8.1,0.0,3984
15000,10,International,0,1,21.5,0.0,17053
50000,9,League,0,0,8.8,0.0,37724
10000,9,Cup,0,0,18.0,0.0,8839
5000,6,Cup,0,0,34.1,0.0,2806
15000,10,League,0,0,7.4,0.0,12598
30000,5,League,1,0,13.8,0.0,20528
30000,4,League,1,0,20.2,0.0,16998
5000,4,League,0,0,14.1,0.0,2018
30000,10,International,0,0,10.6,0.0,34500
10000,1,Cup,0,0,18.9,0.0,2317
5000,6,League,0,0,12.1,0.0,3007
15000,6,League,0,0,16.2,0.0,9006
30000,8,League,1,0,8.4,0.0,25765
10000,5,League,1,0,15.5,0.0,6657
5000,10,International,0,0,17.1,0.0,5750
30000,6,League,0,0,20.8,5.1,6465
20000,2,League,0,0,20.8,0.0,5269
10000,9,League,0,0,20.7,6.0,4801
10000,4,League,0,1,20.6,0.0,5338
30000,1,Final,1,1,31.8,0.0,20107
5000,5,League,1,0,14.3,0.0,3183
5000,6,Final,0,0,32.2,0.0,3823
30000,3,League,0,0,11.8,0.0,11482
15000,7,Final,0,0,23.0,0.0,14031
5000,1,Cup,0,0,19.2,0.0,1193
10000,9,League,0,0,8.7,0.0,7401
10000,7,International,1,0,28.4,0.0,10893
10000,7,League,1,0,22.3,0.0,8282
50000,7,League,0,0,31.6,7.7,14324
30000,2,International,0,0,18.0,0.0,17805
20000,9,League,0,0,15.8,0.0,16403
50000,8,League,0,0,34.7,6.0,16197
20000,4,International,0,0,30.3,0.1,10085
50000,5,International,1,0,17.8,0.0,47155
15000,1,Cup,1,0,11.7,0.0,6181
50000,5,League,0,0,10.9,0.0,26004
15000,5,League,0,0,5.2,1.8,3459
30000,2,League,0,0,18.9,0.0,9192
20000,10,League,0,0,28.5,0.0,17360
10000,9,Cup,0,0,33.3,0.0,7999
15000,9,League,1,0,21.0,0.0,14065
10000,5,League,1,0,5.7,0.0,5855
20000,1,League,0,0,9.5,0.0,3123
5000,6,League,0,0,24.5,0.0,3065
10000,8,League,0,0,27.3,0.0,7563
30000,9,League,0,1,32.2,0.0,26408
50000,2,League,0,0,28.2,0.0,15289
10000,6,Final,1,0,6.9,0.0,9421
10000,3,International,1,0,32.3,0.0,7299
30000,10,League,0,0,31.4,0.0,25437
30000,4,League,0,0,34.2,0.0,11750
20000,1,League,0,0,27.7,0.0,3468
10000,2,Cup,0,0,13.2,0.0,3191
30000,7,Cup,0,0,23.0,0.0,20863
5000,6,League,1,0,30.4,0.0,3534
20000,2,League,1,0,6.8,0.0,7184
5000,7,International,0,0,5.4,0.0,4624
10000,6,International,0,0,6.0,0.0,8149
50000,4,Final,0,0,22.6,0.0,34123
30000,7,League,0,0,13.5,0.0,19667
30000,3,League,0,0,23.3,0.0,9883
50000,8,League,1,0,25.8,0.0,45215
50000,9,Cup,1,0,7.8,0.0,48208
50000,6,Cup,0,0,7.8,0.0,29286
10000,4,League,0,0,33.1,0.0,3633
10000,2,League,0,0,6.1,0.0,2482
50000,6,League,0,0,28.1,0.0,29207
10000,1,League,0,0,12.8,0.0,1855
30000,1,League,1,0,7.3,0.0,9148
5000,2,League,1,0,26.0,0.0,2190
50000,10,League,0,0,34.5,0.0,41837
10000,6,League,0,0,11.1,0.0,5599
5000,2,League,0,0,14.9,0.0,1281
30000,3,League,0,0,31.3,0.0,8529
50000,8,League,0,0,29.7,6.1,20189
30000,9,League,1,0,21.6,0.0,28637
5000,6,League,1,0,22.1,0.0,3657
20000,6,League,0,0,11.4,0.0,12224
30000,2,League,0,0,26.8,0.2,1728
20000,2,Cup,0,0,15.2,0.0,7064
15000,7,League,0,0,16.0,0.0,10233
30000,10,League,0,0,25.7,0.0,27284
10000,6,Cup,1,0,12.1,0.0,7664
5000,9,International,1,0,8.7,14.8,4315
5000,1,League,0,0,25.6,0.9,161
50000,5,League,0,0,21.3,0.0,24628
10000,5,League,0,0,30.6,0.0,4571
20000,6,League,0,0,31.8,0.0,10388
50000,5,League,0,0,29.6,0.0,24210
50000,2,Cup,1,0,14.7,0.0,23144
30000,9,League,1,0,27.4,0.0,29862
15000,1,League,0,0,8.2,0.0,2658
50000,4,League,0,0,13.5,0.0,20872
30000,5,League,0,0,6.4,0.0,13065
10000,5,League,0,0,32.7,0.0,4763
5000,4,League,0,0,11.5,0.0,2203
10000,3,League,1,0,16.7,12.3,1487
30000,1,League,1,0,30.2,0.0,9107
20000,6,Cup,0,0,23.5,0.0,12482
50000,9,Cup,0,0,18.2,5.9,25428
50000,3,International,0,0,6.3,0.0,31512
5000,8,League,0,0,14.9,0.0,3780
10000,10,League,0,0,20.8,0.0,9207
10000,4,Cup,1,0,16.1,0.0,6036
30000,9,League,1,0,7.7,0.0,28147
30000,1,League,0,0,16.9,0.0,5142
10000,8,League,0,0,16.9,0.0,7679
15000,7,International,0,0,22.5,0.0,14745
50000,5,League,0,0,11.2,11.0,8490
50000,9,League,0,0,22.3,0.0,40749
10000,4,International,1,0,20.9,0.0,8755
5000,1,Final,1,0,8.2,0.0,2791
10000,10,Cup,0,0,5.7,0.0,8667
50000,2,League,0,0,33.3,0.0,10623
30000,6,League,0,0,31.7,0.0,16923
10000,3,League,0,0,18.6,0.0,3613
5000,1,League,0,0,29.2,0.0,953
10000,3,League,1,0,25.5,0.0,4909
50000,2,League,1,0,16.3,0.0,20458
5000,2,International,0,0,24.0,9.9,1060
20000,2,International,0,0,11.5,0.0,11464
20000,5,League,0,0,19.6,0.0,10710
5000,5,Cup,0,0,25.5,0.0,2643
20000,10,Cup,0,0,12.5,0.0,19211
5000,7,International,1,0,14.9,0.0,5629
5000,5,Cup,1,0,31.0,0.0,3328
10000,3,League,0,0,16.7,0.0,3347
10000,1,League,0,0,32.2,0.0,1542
20000,9,League,0,0,20.9,0.0,16279
50000,7,League,0,0,26.0,0.0,33605
20000,4,League,0,0,26.7,0.0,8675
50000,10,League,1,0,7.8,0.0,51097
50000,6,International,1,0,7.0,0.0,48291
5000,1,League,0,0,12.6,13.6,211
20000,3,League,0,0,17.4,0.0,7605
15000,9,League,0,0,24.7,5.0,8853
10000,1,League,0,0,6.5,0.0,1405
30000,7,League,0,0,27.1,0.0,20751
50000,7,Cup,1,0,23.7,0.0,44343
5000,10,League,1,0,8.2,0.0,5084
10000,6,League,0,0,17.6,0.0,5646
50000,2,Cup,0,0,23.9,0.0,17703
15000,1,League,0,0,32.5,0.7,531
30000,6,Cup,0,0,7.8,0.0,18030
10000,4,League,0,0,8.7,0.0,3569
15000,10,League,1,0,30.2,0.0,14621
10000,9,League,1,0,32.3,0.0,9055
15000,1,League,0,0,28.2,3.0,471
15000,1,League,0,0,14.5,0.0,2968
30000,9,League,0,0,6.5,5.5,12513
30000,9,League,0,0,7.0,12.4,12884
20000,4,League,0,0,10.2,0.0,8798
50000,9,League,1,0,13.8,0.0,49383
10000,7,League,1,0,28.1,0.0,8092
5000,8,League,0,0,11.0,0.0,3554
15000,7,League,0,0,17.1,0.0,9683
30000,3,League,0,0,30.1,0.0,8462
30000,5,League,0,0,31.8,0.0,14164
15000,4,League,0,0,13.4,0.0,6051
30000,10,Final,1,0,33.7,0.0,34500
30000,3,League,1,0,30.4,0.0,14495
50000,3,League,0,0,22.2,0.0,18149
10000,3,League,0,0,25.5,0.0,3522
50000,9,League,0,0,20.5,0.0,39602
20000,5,League,0,0,10.2,14.6,3028
15000,5,League,0,0,25.9,0.0,7780
5000,10,League,1,0,33.7,0.0,4993
50000,5,League,1,0,22.9,0.0,32239
30000,8,League,0,0,32.5,0.0,21397
30000,10,League,0,0,7.0,0.0,26033
15000,7,League,0,0,31.0,0.0,9613
30000,8,Final,0,0,7.9,0.0,28313
10000,7,Cup,0,0,26.5,0.0,6890
20000,5,League,1,0,16.5,12.7,6666
10000,1,League,1,0,27.0,0.0,3561
10000,1,League,0,0,14.7,0.0,2099
10000,2,League,0,0,27.9,0.0,2734
5000,6,Cup,0,0,22.0,0.0,3138
50000,7,League,0,0,32.7,0.0,29270
15000,8,League,0,0,21.0,0.0,11023
20000,3,Final,1,1,33.4,0.0,16512
10000,5,League,1,0,31.0,0.0,5838
15000,1,Final,0,1,17.3,10.8,3072
10000,3,League,0,0,9.4,0.0,3228
50000,7,Cup,0,0,22.9,0.0,34757
10000,4,Cup,0,0,8.4,0.0,4489
30000,2,League,0,0,14.1,0.0,8733
5000,2,League,1,0,30.2,0.0,1910
20000,3,League,1,0,14.5,0.0,9673
10000,6,League,0,0,11.3,0.0,5647
50000,8,League,0,0,5.6,0.0,33854
30000,9,League,0,0,12.1,13.2,14268
30000,3,Cup,0,0,30.4,10.9,1670
5000,2,League,0,0,13.9,0.0,1250
20000,7,League,1,0,31.6,0.0,15423
50000,5,International,1,0,23.5,0.0,48677
30000,3,League,0,0,11.7,0.0,10037
10000,9,League,0,0,30.6,8.2,4256
50000,1,Cup,0,0,16.3,4.8,3066
30000,8,League,0,1,30.9,0.0,22919
30000,5,League,0,0,28.4,0.0,14645
15000,8,Cup,1,0,30.5,0.0,13082
50000,6,International,1,0,5.9,0.0,47859
20000,6,League,0,0,14.9,0.0,12130
10000,6,League,0,0,17.0,13.7,2091
15000,10,International,0,0,9.6,0.0,17250
5000,2,League,0,0,33.4,1.7,212
20000,1,International,0,0,18.7,0.0,10422
50000,9,League,1,0,8.1,0.0,45252
50000,5,League,1,0,34.6,0.0,31098
20000,8,League,0,0,30.1,0.0,13215
50000,3,League,0,0,12.6,1.7,8945
5000,6,League,0,0,9.1,0.0,2668
10000,2,League,0,0,10.1,0.0,2531
15000,8,League,0,0,9.9,0.0,9930
5000,3,League,1,0,29.8,0.0,2461
30000,1,League,1,0,31.4,0.0,9664
15000,4,Cup,0,0,10.0,0.0,7606
15000,2,International,0,0,19.7,0.0,8630
5000,2,League,0,0,24.1,0.0,1288
10000,10,Cup,0,0,26.2,0.0,9176
10000,7,Final,0,0,32.8,2.6,6900
15000,8,League,1,1,18.8,0.0,14707
10000,10,International,1,0,18.8,0.0,11232
20000,2,League,0,0,21.2,2.7,1785
5000,4,Cup,0,0,34.6,0.0,2204
15000,3,International,0,0,27.9,0.0,10036
10000,5,League,0,0,25.4,0.0,4790
50000,5,League,0,0,13.5,0.0,26554
15000,5,League,1,0,17.1,0.0,9897
50000,6,League,1,0,15.5,0.0,37866
5000,8,Cup,0,0,33.0,0.0,3678
20000,5,League,0,0,12.5,0.0,10012
50000,8,League,0,1,26.6,0.0,43126
30000,3,League,0,0,28.9,0.0,11271
15000,7,League,0,0,11.0,9.2,4852
50000,2,Final,1,1,14.1,0.0,38083
50000,6,Cup,1,0,18.0,0.0,38361
50000,2,League,0,0,24.9,0.0,13643
15000,4,League,0,0,21.1,0.0,6103
30000,9,League,0,0,23.3,0.0,24543
10000,1,League,0,0,14.4,0.0,2047
10000,7,League,0,0,12.4,0.0,6895
50000,6,League,1,0,34.2,0.0,35055
50000,6,Cup,1,0,12.6,3.3,28501
10000,1,League,0,0,25.2,0.0,2158
10000,1,League,0,0,14.1,12.5,543
30000,4,League,0,0,16.1,2.8,7012
10000,1,League,0,0,25.8,0.0,2170
15000,3,League,0,0,32.1,0.0,4539
50000,6,League,1,0,12.4,0.0,36578
10000,6,Cup,1,0,10.2,0.0,7850
50000,3,League,0,0,34.8,8.1,3628
5000,6,League,0,0,18.6,0.0,2820
50000,8,League,0,0,21.7,0.0,37084
15000,9,League,0,0,25.6,0.0,12298
50000,10,League,0,0,32.7,8.6,25199
5000,10,League,1,0,12.5,0.0,5243
5000,5,League,1,0,30.8,0.0,2969
20000,6,League,0,0,33.7,0.0,10779
50000,9,League,0,0,21.3,0.0,41591
10000,6,League,0,0,22.8,0.0,5992
5000,4,League,0,0,22.7,0.0,2034
15000,2,League,0,0,5.2,0.0,3334
15000,4,Cup,1,0,31.3,0.0,9147
50000,5,Cup,1,0,12.5,0.0,36271
20000,5,Cup,0,0,24.1,12.3,4606
50000,1,Cup,0,0,26.3,0.0,11699
15000,6,International,0,0,13.9,0.0,13414
15000,6,League,0,0,23.1,0.0,8852
15000,9,International,0,0,20.2,0.0,16821
15000,9,Cup,1,0,17.2,0.0,14819
15000,7,League,1,0,31.4,1.3,8512
30000,5,League,0,0,25.0,0.0,15486
30000,3,League,0,0,23.0,0.0,11257
50000,7,League,0,0,21.5,0.0,34127
30000,4,League,0,0,13.7,0.0,13127
5000,7,Cup,0,0,31.5,0.0,3213
20000,6,League,1,0,24.8,2.3,10629
5000,6,League,1,0,5.1,0.0,3504
50000,4,Cup,0,0,15.1,0.0,24829
10000,5,International,0,0,32.1,0.0,7430
15000,7,League,0,0,22.5,0.0,9805
10000,6,League,0,0,21.3,0.0,5910
50000,2,League,0,0,28.7,0.0,14924
20000,10,League,1,0,13.9,0.0,21365
30000,1,League,1,0,9.2,0.0,8309
5000,6,League,0,0,18.3,0.0,2881
30000,6,League,0,0,34.7,0.0,16480
20000,1,League,0,0,10.7,0.0,3899
20000,9,Cup,0,0,34.3,4.0,12373
20000,1,League,0,0,30.0,0.0,3897
50000,2,League,1,0,12.7,0.0,21273
5000,5,League,1,0,7.9,0.0,3065
20000,5,League,0,0,10.5,12.2,3594
10000,3,League,0,0,7.3,3.1,828
15000,8,Final,0,0,11.0,8.6,9597
20000,4,League,0,0,27.4,0.0,8727
5000,6,League,0,0,24.7,0.0,3062
15000,2,League,1,0,6.2,0.0,5756
30000,5,League,1,0,11.5,3.5,13887
20000,8,League,0,0,20.1,0.0,15143
10000,5,League,0,0,27.9,2.6,3300
15000,6,Final,0,0,7.2,0.0,12068
30000,4,Cup,0,0,10.2,0.0,14602
15000,3,League,0,0,13.2,1.8,2015
10000,4,League,1,0,24.6,2.0,3715
15000,9,Final,1,0,11.9,6.5,13409
50000,7,League,0,0,22.3,0.0,34226
50000,7,Cup,0,0,20.3,0.0,35401
20000,1,Cup,0,0,20.3,0.0,5263
50000,10,Cup,0,0,10.9,3.8,38637
15000,1,League,0,0,13.5,8.1,666
10000,7,League,1,0,33.4,0.0,7323
30000,6,League,1,0,6.5,0.0,21167
50000,6,International,0,0,26.4,0.0,43496
10000,9,International,0,0,15.6,0.0,11429
30000,4,League,0,0,31.8,0.0,12236
15000,10,League,0,0,28.9,0.0,13238
20000,6,League,0,0,29.3,0.0,12071
20000,10,League,1,0,24.3,0.0,20515
10000,7,International,1,0,22.1,0.0,11119
15000,8,League,0,0,16.0,0.0,10745
50000,2,League,0,0,26.9,0.0,14944
15000,7,League,0,0,24.7,0.0,9657
30000,3,Final,0,0,13.3,0.0,18834
15000,8,League,0,0,11.8,0.0,10907
50000,7,League,1,0,26.4,9.5,24165
50000,1,League,1,0,31.0,0.0,14805
5000,3,Cup,0,0,17.7,0.0,2047
30000,10,League,0,0,9.6,0.0,25318
15000,2,League,0,1,16.3,0.0,5640
20000,8,League,0,0,34.9,10.0,6690
30000,8,League,0,0,5.3,0.0,20524
15000,1,League,1,0,8.2,0.0,4605
20000,1,League,1,0,9.8,0.0,5818
30000,6,League,0,0,12.5,0.0,17799
30000,4,League,0,0,21.3,0.0,13530
20000,6,International,0,0,28.8,0.0,17195
20000,9,International,0,0,5.9,0.0,21028
15000,4,League,0,0,6.0,0.0,5700
10000,5,Cup,1,0,31.9,0.0,6813
10000,3,Cup,1,1,14.1,0.0,6753
50000,9,Cup,0,0,13.3,0.0,44033
20000,7,League,0,0,12.3,0.0,13634
30000,6,League,0,0,19.9,0.0,16682
30000,6,Cup,0,0,17.2,0.0,19210
30000,1,League,0,0,29.5,0.0,6245
15000,6,League,1,0,19.9,14.6,5709
50000,2,League,1,0,13.8,0.0,21946
30000,9,Cup,0,0,21.8,0.0,26289
5000,3,Cup,0,0,31.3,0.0,1843
50000,1,League,0,0,7.5,0.0,8505
20000,7,International,0,0,24.1,0.0,18737
30000,1,League,0,0,31.9,0.0,4090
5000,9,Final,1,0,13.2,0.0,5750
50000,4,League,1,0,15.3,0.0,28989
10000,8,League,0,0,14.6,0.0,7327
50000,1,International,0,0,9.6,0.0,21094
50000,3,League,0,0,6.1,4.3,5623
30000,4,International,0,0,13.4,0.0,21312
15000,3,League,0,0,24.1,0.0,5326
30000,6,League,1,0,27.4,0.0,22389
50000,6,Cup,1,0,31.0,0.0,38130
10000,1,Cup,0,0,33.1,0.0,2179
15000,8,International,0,0,6.0,0.0,14954
15000,9,League,0,0,30.5,0.0,11636
50000,5,League,0,0,24.5,13.7,7109
15000,8,Cup,0,0,5.5,0.0,10715
5000,10,League,1,0,6.4,0.0,5110
30000,10,International,1,0,18.0,0.0,34500
15000,6,League,0,0,32.6,0.0,7700
10000,6,Cup,0,0,16.6,0.0,6403
30000,10,League,0,0,22.3,6.3,16802
50000,2,League,0,0,26.2,0.0,12795
15000,9,League,0,0,20.5,0.0,12474
20000,6,League,1,0,21.5,0.0,14560
50000,1,League,1,0,11.5,0.0,16454
10000,8,Final,0,0,17.4,0.0,9641
30000,6,League,0,1,10.8,0.0,20777
15000,6,League,0,0,21.2,0.0,8823
5000,7,Cup,0,0,14.1,0.0,3488
5000,10,League,0,0,25.2,10.9,2570
50000,3,League,1,0,27.2,0.0,24223
15000,8,International,1,0,9.8,0.0,17250
20000,4,League,0,0,23.7,9.8,1311
15000,6,Cup,0,0,14.2,0.0,9711
5000,7,League,0,0,18.2,0.0,3231
20000,8,League,0,0,8.3,11.4,6515
10000,4,League,0,0,9.5,0.0,3984
5000,6,International,1,0,21.6,0.0,5104
10000,7,League,1,0,10.3,0.0,8037
10000,6,League,0,0,25.6,0.0,5866
15000,10,League,0,0,13.2,0.0,12946
5000,5,League,0,0,21.4,0.0,2593
15000,3,International,0,0,25.8,0.0,10128
50000,8,Final,0,0,29.0,0.0,49985
15000,5,International,1,0,9.9,0.0,13541
30000,8,League,1,0,34.8,0.0,25784
5000,5,League,0,0,7.4,0.0,2316
10000,2,League,0,0,33.9,0.0,2387
30000,1,International,0,0,6.4,0.0,13489
30000,3,League,0,0,13.2,0.0,10345
15000,7,League,0,0,12.9,11.0,4272
30000,4,League,1,0,11.4,0.0,17531
30000,3,League,1,0,29.6,0.0,15739
20000,4,League,0,0,31.2,4.1,3120
20000,1,League,0,0,24.7,0.0,4263
50000,2,International,0,0,19.3,0.0,27540
10000,8,League,0,0,27.6,0.0,7179
20000,9,League,0,0,22.2,0.0,16865
50000,7,Cup,1,0,20.8,12.7,25148
10000,7,League,1,0,6.4,9.5,4313
30000,7,League,0,0,24.7,0.0,19438
50000,1,Cup,0,0,33.8,0.0,10542
10000,8,League,0,0,15.6,0.0,7325
20000,4,League,0,0,33.4,0.0,8211
15000,4,League,0,0,25.3,8.9,1448
20000,8,League,1,0,23.1,0.0,17555
30000,9,League,1,0,22.8,0.0,29129
30000,2,League,0,0,14.7,13.5,2297
30000,8,League,0,0,31.5,7.2,10024
20000,2,International,0,0,34.6,0.0,10374
30000,9,League,0,0,14.1,7.4,13374
50000,9,League,0,0,29.0,0.0,40293
30000,8,Cup,1,0,18.1,0.0,28451
5000,10,League,1,0,34.1,0.0,4886
50000,9,League,0,0,29.3,0.0,41295
20000,1,League,0,0,30.6,0.0,3472
15000,1,League,0,0,26.5,0.0,3440
50000,6,League,0,0,9.7,7.2,8168
10000,2,International,0,0,6.2,0.0,5305
50000,4,League,1,0,22.3,0.0,29179
10000,1,League,1,0,9.2,0.0,3056
30000,3,International,0,0,11.6,0.0,20341
30000,6,Final,0,0,29.4,0.0,24936
30000,8,League,0,0,10.8,0.0,22791
20000,1,League,0,0,6.8,0.0,2784
15000,4,League,0,0,11.3,0.0,6036
50000,6,League,1,0,15.5,0.0,37865
10000,6,League,1,0,6.1,0.0,7026
15000,8,League,0,0,16.8,0.0,11405
5000,3,League,0,0,29.3,0.0,1855
30000,9,Cup,0,0,8.6,0.0,24015
20000,3,Cup,0,0,17.1,0.0,8156
10000,5,League,0,0,17.6,0.0,5056
15000,2,Final,1,0,32.9,0.0,9834
20000,8,International,1,0,7.3,0.0,22385
5000,3,League,0,1,21.0,0.0,2190
10000,3,Cup,0,0,22.3,0.0,3809
50000,9,Cup,0,0,27.5,0.0,44775
15000,2,League,0,0,24.1,0.0,3880
50000,5,League,0,0,28.4,0.0,26531
30000,2,Final,1,0,10.9,0.0,21047
50000,2,League,1,0,9.0,0.0,18187
15000,8,League,0,0,18.1,0.0,10636
30000,2,Cup,0,0,12.7,0.0,10009
50000,2,League,0,0,20.6,11.4,3397
50000,10,League,0,0,6.7,4.1,31806
10000,1,League,0,0,19.0,0.0,1982
15000,7,League,1,0,30.3,6.4,5954
30000,1,League,1,0,33.6,11.2,907
10000,7,League,0,0,17.9,0.0,6347
5000,6,League,0,0,14.4,0.0,2833
20000,2,Final,0,0,30.6,9.1,3109
10000,4,League,0,0,21.2,0.0,4250
20000,7,International,0,0,17.9,0.0,19812
30000,5,League,1,0,8.5,4.4,13073
10000,1,International,1,0,32.9,0.0,5880
5000,8,League,0,0,12.1,0.0,3593
50000,8,League,0,0,8.3,1.3,25274
50000,1,Cup,0,0,23.3,0.0,12685
30000,4,League,0,0,11.9,0.0,13029
50000,6,Cup,0,0,9.8,0.0,29778
50000,3,League,1,0,20.6,0.0,25477
5000,4,League,1,0,31.7,0.0,2784
10000,1,League,0,0,25.8,0.0,2168
5000,9,League,0,1,27.8,8.1,2842
50000,10,Cup,0,0,26.8,0.7,36404
10000,10,League,0,0,20.0,0.0,8895
30000,2,League,0,0,13.7,0.0,9149
15000,4,League,1,0,16.8,0.0,9095
15000,7,League,1,0,23.4,0.0,12340
20000,4,League,0,0,33.1,0.0,7785
20000,9,League,0,0,28.7,3.0,12005
50000,1,League,0,0,26.0,0.0,11210
5000,8,Cup,0,0,18.8,0.0,3993
50000,7,League,0,0,33.0,8.0,13920
50000,9,League,1,0,9.8,0.0,45901
15000,2,Cup,1,0,34.6,0.0,6567
20000,8,League,0,0,30.8,13.0,7325
15000,10,Cup,0,0,13.6,8.8,8977
50000,3,International,0,0,25.1,0.0,31575
30000,4,International,0,0,17.3,0.0,22752
30000,2,League,0,0,9.0,0.0,6353
30000,7,League,1,0,19.9,0.0,23619
5000,9,International,1,0,26.2,0.0,5750
50000,8,League,0,0,32.8,3.5,25257
10000,1,League,0,0,11.8,0.0,2064
20000,5,Cup,0,0,25.0,14.8,3568
30000,1,League,0,0,9.3,0.0,4373
50000,10,League,0,0,13.0,0.0,45665
30000,9,League,1,0,7.9,0.0,27769
